"nbAct";"listAct";"crew_id"
2;"[20180805AF1233ATHCDG01,20180805AF1232CDGATH01]";"crew1"
2;"[20180806AF1233ATHCDG01,20180806AF1232CDGATH01]";"crew2"
2;"[20180808AF1233ATHCDG01,20180808AF1232CDGATH01]";"crew3"
2;"[20180810AF1233ATHCDG01,20180810AF1232CDGATH01]";"crew4"
2;"[20180805AF1555ALGCDG01,20180805AF1554CDGALG01]";"crew5"
2;"[20180806AF1555ALGCDG01,20180806AF1554CDGALG01]";"crew6"
2;"[20180807AF1555ALGCDG01,20180807AF1554CDGALG01]";"crew7"
2;"[20180808AF1555ALGCDG01,20180808AF1554CDGALG01]";"crew8"
2;"[20180810AF1555ALGCDG01,20180810AF1554CDGALG01]";"crew9"
2;"[20180806AF1431ORNCDG01,20180806AF1430CDGORN01]";"crew10"
2;"[20180808AF1431ORNCDG01,20180808AF1430CDGORN01]";"crew11"
2;"[20180809AF1431ORNCDG01,20180809AF1430CDGORN01]";"crew12"
2;"[20180810AF1431ORNCDG01,20180810AF1430CDGORN01]";"crew13"
2;"[20180807AF1833ATHCDG01,20180807AF1832CDGATH01]";"crew14"
2;"[20180808AF1833ATHCDG01,20180808AF1832CDGATH01]";"crew15"
2;"[20180805AF1196CDGCMN01,20180805AF1197CMNCDG01]";"crew16"
2;"[20180808AF1196CDGCMN01,20180808AF1197CMNCDG01]";"crew17"
2;"[20180808AF1459RBACDG01,20180808AF1458CDGRBA01]";"crew18"
2;"[20180809AF1229BLQCDG01,20180809AF1228CDGBLQ01]";"crew19"
2;"[20180806AF1754CDGALG01,20180806AF1755ALGCDG01]";"crew20"
2;"[20180808AF1754CDGALG01,20180808AF1755ALGCDG01]";"crew21"
2;"[20180810AF1754CDGALG01,20180810AF1755ALGCDG01]";"crew22"
2;"[20180807AF1001MADCDG01,20180807AF1000CDGMAD01]";"crew23"
1;"[20180804AF1132CDGATH01]";"crew24"
2;"[20180806AF1165BHXCDG01,20180806AF1164CDGBHX01]";"crew25"
2;"[20180805AF1784CDGTUN01,20180806AF1785TUNCDG01]";"crew26"
2;"[20180808AF1784CDGTUN01,20180809AF1785TUNCDG01]";"crew27"
1;"[20180810AF1784CDGTUN01]";"crew28"
7;"[20180810AF7689MPLCDG01,20180810AF7681MPLCDG01,20180811AF1151CPHCDG01,20180810AF7688CDGMPL01,20180810AF1726CDGVCE01,20180811AF1327VCECDG01,20180811AF1150CDGCPH01]";"crew29"
2;"[20180809AF1146CDGWAW01,20180809AF1147WAWCDG01]";"crew30"
4;"[20180808AF7685MPLCDG01,20180808AF1379NAPCDG01,20180808AF7686CDGMPL01,20180808AF1378CDGNAP01]";"crew31"
2;"[20180806AF1788CDGSOF01,20180806AF1789SOFCDG01]";"crew32"
2;"[20180808AF1788CDGSOF01,20180808AF1789SOFCDG01]";"crew33"
2;"[20180806AF1333ATHCDG01,20180806AF1332CDGATH01]";"crew34"
2;"[20180807AF1333ATHCDG01,20180807AF1332CDGATH01]";"crew35"
2;"[20180809AF1333ATHCDG01,20180809AF1332CDGATH01]";"crew36"
2;"[20180809AF1833ATHCDG01,20180809AF1832CDGATH01]";"crew37"
2;"[20180809AF1197CMNCDG01,20180809AF1196CDGCMN01]";"crew38"
2;"[20180810AF1788CDGSOF01,20180810AF1789SOFCDG01]";"crew39"
2;"[20180806AF1459RBACDG01,20180806AF1458CDGRBA01]";"crew40"
2;"[20180810AF1459RBACDG01,20180810AF1458CDGRBA01]";"crew41"
2;"[20180805AF1395BUDCDG01,20180805AF1394CDGBUD01]";"crew42"
2;"[20180807AF1225LISCDG01,20180807AF1224CDGLIS01]";"crew43"
2;"[20180806AF1001MADCDG01,20180806AF1000CDGMAD01]";"crew44"
2;"[20180808AF1001MADCDG01,20180808AF1000CDGMAD01]";"crew45"
2;"[20180805AF1428CDGOPO01,20180805AF1429OPOCDG01]";"crew46"
4;"[20180805AF1191IBZCDG01,20180805AF7685MPLCDG01,20180805AF7686CDGMPL01,20180805AF1190CDGIBZ01]";"crew47"
2;"[20180805AF1589OTPCDG01,20180805AF1588CDGOTP01]";"crew48"
4;"[20180806AF7669MRSCDG01,20180806AF7629BODCDG01,20180806AF7624CDGBOD01,20180806AF7660CDGMRS01]";"crew49"
2;"[20180807AF1138CDGVIE01,20180807AF1139VIECDG01]";"crew50"
2;"[20180808AF1138CDGVIE01,20180808AF1139VIECDG01]";"crew51"
4;"[20180807AF1560CDGZAG01,20180807AF1115ZRHCDG01,20180807AF1561ZAGCDG01,20180807AF1114CDGZRH01]";"crew52"
4;"[20180807AF7643LYSCDG01,20180807AF1062CDGARN01,20180807AF1063ARNCDG01,20180807AF7652CDGLYS01]";"crew53"
2;"[20180807AF1433ATHCDG01,20180807AF1432CDGATH01]";"crew54"
2;"[20180808AF1455ALGCDG01,20180808AF1454CDGALG01]";"crew55"
4;"[20180809AF1817DUBCDG01,20180809AF1681LHRCDG01,20180809AF1816CDGDUB01,20180809AF1680CDGLHR01]";"crew56"
2;"[20180810AF1284CDGTUN01,20180810AF1285TUNCDG01]";"crew57"
2;"[20180807AF1284CDGTUN01,20180807AF1285TUNCDG01]";"crew58"
2;"[20180807AF1184CDGTUN01,20180807AF1185TUNCDG01]";"crew59"
6;"[20180809AF1533ATHCDG01,20180809AF1441AMSCDG01,20180808AF1343GVACDG01,20180809AF1440CDGAMS01,20180808AF1032CDGATH01,20180808AF1342CDGGVA01]";"crew60"
5;"[20180809AF1346CDGWAW01,20180809AF1751CPHCDG01,20180810AF1247WAWCDG01,20180810AF1427VCECDG01,20180809AF1750CDGCPH01]";"crew61"
4;"[20180809AF1253BGOCDG01,20180810AF1441AMSCDG01,20180810AF1727VCECDG01,20180810AF1440CDGAMS01]";"crew62"
1;"[20180805AF1785TUNCDG01]";"crew63"
2;"[20180807AF1784CDGTUN01,20180808AF1785TUNCDG01]";"crew64"
2;"[20180809AF1784CDGTUN01,20180810AF1785TUNCDG01]";"crew65"
5;"[20180810AF7669MRSCDG01,20180811AF1301MADCDG01,20180811AF1351CPHCDG01,20180810AF7660CDGMRS01,20180810AF1850CDGCPH01]";"crew66"
2;"[20180810AF1354CDGALG01,20180811AF1855ALGCDG01]";"crew67"
3;"[20180805AF1501MADCDG01,20180805AF1263ARNCDG01,20180805AF1500CDGMAD01]";"crew68"
3;"[20180805AF7715NCECDG01,20180805AF1533ATHCDG01,20180805AF7708CDGNCE01]";"crew69"
3;"[20180806AF1351CPHCDG01,20180806AF1301MADCDG01,20180806AF1300CDGMAD01]";"crew70"
6;"[20180805AF1354CDGALG01,20180806AF1051CPHCDG01,20180806AF1855ALGCDG01,20180805AF1184CDGTUN01,20180805AF1185TUNCDG01,20180806AF1050CDGCPH01]";"crew71"
6;"[20180805AF1823MUCCDG01,20180806AF1851CPHCDG01,20180806AF1441AMSCDG01,20180805AF1822CDGMUC01,20180806AF1440CDGAMS01,20180805AF1350CDGCPH01]";"crew72"
3;"[20180807AF7689MPLCDG01,20180807AF7681MPLCDG01,20180807AF7688CDGMPL01]";"crew73"
6;"[20180807AF1611HAMCDG01,20180807AF1831MXPCDG01,20180806AF1115ZRHCDG01,20180806AF1710CDGHAM01,20180807AF1830CDGMXP01,20180806AF1114CDGZRH01]";"crew74"
3;"[20180807AF1441AMSCDG01,20180807AF1727VCECDG01,20180807AF1440CDGAMS01]";"crew75"
4;"[20180808AF1441AMSCDG01,20180808AF1727VCECDG01,20180807AF1226CDGVCE01,20180808AF1440CDGAMS01]";"crew76"
6;"[20180808AF1831MXPCDG01,20180808AF1611HAMCDG01,20180807AF7517TLSCDG01,20180807AF1710CDGHAM01,20180807AF7516CDGTLS01,20180808AF1830CDGMXP01]";"crew77"
4;"[20180808AF1465LEDCDG01,20180808AF7715NCECDG01,20180807AF1664CDGLED01,20180808AF7708CDGNCE01]";"crew78"
2;"[20180808AF1354CDGALG01,20180809AF1855ALGCDG01]";"crew79"
4;"[20180810AF1497CMNCDG01,20180809AF1596CDGCMN01,20180809AF7689MPLCDG01,20180809AF7688CDGMPL01]";"crew80"
6;"[20180810AF1611HAMCDG01,20180810AF7739BESCDG01,20180809AF7589AJACDG01,20180809AF1510CDGHAM01,20180810AF7736CDGBES01,20180809AF7588CDGAJA01]";"crew81"
6;"[20180809AF1281LHRCDG01,20180809AF1354CDGALG01,20180810AF1051CPHCDG01,20180810AF1855ALGCDG01,20180809AF1280CDGLHR01,20180810AF1050CDGCPH01]";"crew82"
4;"[20180810AF1301MADCDG01,20180811AF1123MUCCDG01,20180810AF1300CDGMAD01,20180810AF1822CDGMUC01]";"crew83"
6;"[20180810AF1462CDGARN01,20180810AF1511HAMCDG01,20180811AF1754CDGALG01,20180811AF1755ALGCDG01,20180811AF1263ARNCDG01,20180810AF1510CDGHAM01]";"crew84"
6;"[20180811AF1581LHRCDG01,20180810AF1281LHRCDG01,20180811AF1659PMICDG01,20180810AF1380CDGLHR01,20180810AF1280CDGLHR01,20180811AF1658CDGPMI01]";"crew85"
6;"[20180811AF1567FLRCDG01,20180811AF1043GVACDG01,20180810AF1291CTACDG01,20180810AF1266CDGFLR01,20180811AF1042CDGGVA01,20180810AF1290CDGCTA01]";"crew86"
1;"[20180805AF384VLEDCDG01]";"crew87"
2;"[20180806AF1665LEDCDG01,20180805AF1464CDGLED01]";"crew88"
2;"[20180807AF1665LEDCDG01,20180806AF1464CDGLED01]";"crew89"
2;"[20180808AF1665LEDCDG01,20180807AF1464CDGLED01]";"crew90"
1;"[20180810AF1464CDGLED01]";"crew91"
2;"[20180809AF1089OTPCDG01,20180808AF1888CDGOTP01]";"crew92"
4;"[20180808AF1284CDGTUN01,20180808AF1381LHRCDG01,20180808AF1285TUNCDG01,20180807AF1280CDGLHR01]";"crew93"
2;"[20180810AF1044CDGSVO01,20180811AF1845SVOCDG01]";"crew94"
2;"[20180810AF1289BRICDG01,20180810AF7708CDGNCE01]";"crew95"
2;"[20180810AF1854CDGALG01,20180811AF1355ALGCDG01]";"crew96"
2;"[20180804AF1359RBACDG01,20180802AF1258CDGRBA01]";"crew97"
6;"[20180809AF1165BHXCDG01,20180810AF1359RBACDG01,20180811AF1359RBACDG01,20180809AF1164CDGBHX01,20180809AF1258CDGRBA01,20180810AF1258CDGRBA01]";"crew98"
3;"[20180805AF1146CDGWAW01,20180805AF1243GVACDG01,20180805AF1147WAWCDG01]";"crew99"
6;"[20180812AF1123MUCCDG01,20180810AF1001MADCDG01,20180810AF1000CDGMAD01,20180811AF1415ZRHCDG01,20180811AF1722CDGMUC01,20180810AF1614CDGZRH01]";"crew100"
3;"[20180805AF7681MPLCDG01,20180805AF1831MXPCDG01,20180805AF1830CDGMXP01]";"crew101"
5;"[20180805AF1262CDGARN01,20180806AF1146CDGWAW01,20180806AF1463ARNCDG01,20180805AF1033ATHCDG01,20180806AF1147WAWCDG01]";"crew102"
3;"[20180806AF1615ZRHCDG01,20180806AF1239VIECDG01,20180806AF1238CDGVIE01]";"crew103"
5;"[20180806AF7715NCECDG01,20180806AF1889OTPCDG01,20180805AF1259RBACDG01,20180806AF7708CDGNCE01,20180805AF1088CDGOTP01]";"crew104"
5;"[20180806AF1231MXPCDG01,20180806AF1767FLRCDG01,20180805AF1045SVOCDG01,20180806AF1766CDGFLR01,20180805AF1630CDGMXP01]";"crew105"
10;"[20180807AF1151CPHCDG01,20180806AF7689MPLCDG01,20180806AF7681MPLCDG01,20180806AF1726CDGVCE01,20180807AF1327VCECDG01,20180805AF7517TLSCDG01,20180806AF7688CDGMPL01,20180805AF7680CDGMPL01,20180805AF7516CDGTLS01,20180807AF1150CDGCPH01]";"crew106"
9;"[20180805AF7731NTECDG01,20180806AF1443GVACDG01,20180806AF1815ZRHCDG01,20180807AF1615ZRHCDG01,20180805AF7730CDGNTE01,20180807AF1238CDGVIE01,20180807AF1239VIECDG01,20180806AF1814CDGZRH01,20180805AF1242CDGGVA01]";"crew107"
1;"[20180806AF1822CDGMUC01]";"crew108"
7;"[20180808AF7689MPLCDG01,20180808AF7681MPLCDG01,20180808AF7688CDGMPL01,20180808AF1726CDGVCE01,20180809AF1426CDGVCE01,20180809AF1427VCECDG01,20180809AF1327VCECDG01]";"crew109"
5;"[20180808AF7683MPLCDG01,20180809AF1023MUCCDG01,20180807AF7684CDGMPL01,20180809AF1727VCECDG01,20180809AF1022CDGMUC01]";"crew110"
3;"[20180810AF1723MUCCDG01,20180810AF1123MUCCDG01,20180810AF1722CDGMUC01]";"crew111"
7;"[20180809AF7681MPLCDG01,20180809AF1643GVACDG01,20180810AF1151CPHCDG01,20180810AF1327VCECDG01,20180809AF1726CDGVCE01,20180810AF1150CDGCPH01,20180809AF1642CDGGVA01]";"crew112"
9;"[20180810AF1101MADCDG01,20180809AF7683MPLCDG01,20180810AF1711HAMCDG01,20180808AF1253BGOCDG01,20180809AF7733BESCDG01,20180808AF1252CDGBGO01,20180808AF7684CDGMPL01,20180810AF1100CDGMAD01,20180809AF7738CDGBES01]";"crew113"
5;"[20180810AF7715NCECDG01,20180810AF1533ATHCDG01,20180809AF1329BLQCDG01,20180810AF7708CDGNCE01,20180809AF1032CDGATH01]";"crew114"
6;"[20180811AF1354CDGALG01,20180811AF1597CMNCDG01,20180812AF1855ALGCDG01,20180810AF1496CDGCMN01,20180810AF1379NAPCDG01,20180810AF1378CDGNAP01]";"crew115"
4;"[20180812AF1029BLQCDG01,20180810AF1801MADCDG01,20180810AF1800CDGMAD01,20180810AF1028CDGBLQ01]";"crew116"
2;"[20180811AF1465LEDCDG01,20180810AF1664CDGLED01]";"crew117"
1;"[20180805AF1463ARNCDG01]";"crew118"
4;"[20180807AF1089OTPCDG01,20180808AF1355ALGCDG01,20180807AF1854CDGALG01,20180806AF1888CDGOTP01]";"crew119"
4;"[20180808AF1089OTPCDG01,20180809AF1355ALGCDG01,20180808AF1854CDGALG01,20180807AF1888CDGOTP01]";"crew120"
4;"[20180809AF1044CDGSVO01,20180809AF1665LEDCDG01,20180810AF1145SVOCDG01,20180808AF1464CDGLED01]";"crew121"
6;"[20180807AF1023MUCCDG01,20180807AF1533ATHCDG01,20180805AF1144CDGSVO01,20180806AF1045SVOCDG01,20180807AF1022CDGMUC01,20180806AF1032CDGATH01]";"crew122"
3;"[20180805AF1284CDGTUN01,20180805AF1381LHRCDG01,20180805AF1285TUNCDG01]";"crew123"
3;"[20180805AF1281LHRCDG01,20180805AF1855ALGCDG01,20180805AF1280CDGLHR01]";"crew124"
3;"[20180805AF7683MPLCDG01,20180805AF1239VIECDG01,20180805AF1238CDGVIE01]";"crew125"
5;"[20180806AF1123MUCCDG01,20180805AF1089OTPCDG01,20180806AF1284CDGTUN01,20180806AF1285TUNCDG01,20180805AF1722CDGMUC01]";"crew126"
4;"[20180806AF1101MADCDG01,20180806AF1711HAMCDG01,20180805AF1329BLQCDG01,20180806AF1100CDGMAD01]";"crew127"
6;"[20180806AF1511HAMCDG01,20180805AF1465LEDCDG01,20180806AF1581LHRCDG01,20180806AF1510CDGHAM01,20180804AF1664CDGLED01,20180805AF1180CDGLHR01]";"crew128"
7;"[20180807AF1741AMSCDG01,20180807AF1359RBACDG01,20180806AF1359RBACDG01,20180805AF1359RBACDG01,20180807AF1740CDGAMS01,20180805AF1258CDGRBA01,20180806AF1258CDGRBA01]";"crew129"
6;"[20180807AF1081LHRCDG01,20180807AF1044CDGSVO01,20180805AF1854CDGALG01,20180806AF1355ALGCDG01,20180808AF1845SVOCDG01,20180806AF1580CDGLHR01]";"crew130"
6;"[20180811AF1081LHRCDG01,20180811AF1044CDGSVO01,20180809AF1854CDGALG01,20180810AF1355ALGCDG01,20180812AF1845SVOCDG01,20180810AF1580CDGLHR01]";"crew131"
9;"[20180806AF7649LYSCDG01,20180807AF7739BESCDG01,20180807AF1346CDGWAW01,20180808AF1426CDGVCE01,20180806AF1727VCECDG01,20180808AF1427VCECDG01,20180808AF1247WAWCDG01,20180806AF7646CDGLYS01,20180806AF7732CDGBES01]";"crew132"
11;"[20180806AF7683MPLCDG01,20180807AF1341AMSCDG01,20180805AF1141AMSCDG01,20180808AF1151CPHCDG01,20180807AF7737BESCDG01,20180805AF7684CDGMPL01,20180807AF1726CDGVCE01,20180808AF1327VCECDG01,20180807AF1340CDGAMS01,20180805AF1140CDGAMS01,20180808AF1150CDGCPH01]";"crew133"
4;"[20180809AF1723MUCCDG01,20180808AF1511HAMCDG01,20180807AF1347WAWCDG01,20180808AF1122CDGMUC01]";"crew134"
8;"[20180809AF1465LEDCDG01,20180809AF7685MPLCDG01,20180808AF1889OTPCDG01,20180806AF1144CDGSVO01,20180809AF7686CDGMPL01,20180808AF1664CDGLED01,20180807AF1045SVOCDG01,20180807AF1088CDGOTP01]";"crew135"
8;"[20180810AF1144CDGSVO01,20180809AF1144CDGSVO01,20180812AF1312CDGLIN01,20180812AF1889OTPCDG01,20180812AF1313LINCDG01,20180810AF1045SVOCDG01,20180811AF1045SVOCDG01,20180811AF1088CDGOTP01]";"crew136"
3;"[20180811AF7689MPLCDG01,20180811AF7681MPLCDG01,20180809AF7684CDGMPL01]";"crew137"
1;"[20180810AF1532CDGATH01]";"crew138"
3;"[20180811AF1089OTPCDG01,20180811AF1854CDGALG01,20180810AF1888CDGOTP01]";"crew139"
4;"[20180809AF7713NCECDG01,20180809AF1423MUCCDG01,20180809AF7710CDGNCE01,20180809AF1422CDGMUC01]";"crew140"
2;"[20180805AF1084CDGTUN01,20180805AF1085TUNCDG01]";"crew141"
4;"[20180810AF7731NTECDG01,20180812AF1887EDICDG01,20180810AF7730CDGNTE01,20180810AF1886CDGEDI01]";"crew142"
2;"[20180810AF1333ATHCDG01,20180810AF1332CDGATH01]";"crew143"
2;"[20180805AF1181LHRCDG01,20180805AF1080CDGLHR01]";"crew144"
3;"[20180805AF7651LYSCDG01,20180805AF1643GVACDG01,20180805AF1642CDGGVA01]";"crew145"
6;"[20180806AF1063ARNCDG01,20180806AF1062CDGARN01,20180805AF1511HAMCDG01,20180806AF7643LYSCDG01,20180805AF1510CDGHAM01,20180805AF7648CDGLYS01]";"crew146"
6;"[20180806AF1596CDGCMN01,20180806AF1229BLQCDG01,20180807AF1082CDGPRG01,20180807AF1497CMNCDG01,20180807AF1083PRGCDG01,20180806AF1228CDGBLQ01]";"crew147"
6;"[20180807AF1146CDGWAW01,20180808AF7627BODCDG01,20180808AF1243GVACDG01,20180808AF7622CDGBOD01,20180807AF1147WAWCDG01,20180807AF1342CDGGVA01]";"crew148"
5;"[20180808AF7643LYSCDG01,20180807AF7731NTECDG01,20180808AF1063ARNCDG01,20180807AF7730CDGNTE01,20180807AF7648CDGLYS01]";"crew149"
4;"[20180809AF1851CPHCDG01,20180808AF1801MADCDG01,20180808AF1800CDGMAD01,20180808AF1350CDGCPH01]";"crew150"
3;"[20180809AF1301MADCDG01,20180810AF1029BLQCDG01,20180809AF1328CDGBLQ01]";"crew151"
4;"[20180809AF1141AMSCDG01,20180810AF7629BODCDG01,20180809AF7630CDGBOD01,20180809AF1140CDGAMS01]";"crew152"
6;"[20180809AF7731NTECDG01,20180810AF1231MXPCDG01,20180810AF1767FLRCDG01,20180809AF7730CDGNTE01,20180810AF1766CDGFLR01,20180809AF1630CDGMXP01]";"crew153"
6;"[20180811AF7643LYSCDG01,20180811AF1062CDGARN01,20180811AF1063ARNCDG01,20180810AF1253BGOCDG01,20180810AF1252CDGBGO01,20180810AF7648CDGLYS01]";"crew154"
2;"[20180806AF1033ATHCDG01,20180805AF1532CDGATH01]";"crew155"
6;"[20180811AF1611HAMCDG01,20180811AF1831MXPCDG01,20180810AF1115ZRHCDG01,20180810AF1710CDGHAM01,20180811AF1830CDGMXP01,20180810AF1114CDGZRH01]";"crew156"
3;"[20180805AF1231MXPCDG01,20180805AF1441AMSCDG01,20180805AF1440CDGAMS01]";"crew157"
4;"[20180806AF1044CDGSVO01,20180806AF1081LHRCDG01,20180807AF1845SVOCDG01,20180805AF1780CDGLHR01]";"crew158"
3;"[20180807AF1711HAMCDG01,20180807AF1101MADCDG01,20180807AF1100CDGMAD01]";"crew159"
6;"[20180808AF7645LYSCDG01,20180807AF7651LYSCDG01,20180807AF7625BODCDG01,20180807AF7620CDGBOD01,20180806AF7517TLSCDG01,20180807AF7652CDGLYS01]";"crew160"
10;"[20180807AF7683MPLCDG01,20180808AF1567FLRCDG01,20180807AF7733BESCDG01,20180806AF1253BGOCDG01,20180806AF1252CDGBGO01,20180806AF7684CDGMPL01,20180808AF7527TLSCDG01,20180807AF1266CDGFLR01,20180808AF7524CDGTLS01,20180807AF7738CDGBES01]";"crew161"
5;"[20180807AF1343GVACDG01,20180808AF1582CDGPRG01,20180808AF1533ATHCDG01,20180808AF1583PRGCDG01,20180807AF1032CDGATH01]";"crew162"
5;"[20180807AF1465LEDCDG01,20180808AF1781LHRCDG01,20180808AF7633BODCDG01,20180806AF1664CDGLED01,20180807AF1180CDGLHR01]";"crew163"
6;"[20180809AF7643LYSCDG01,20180809AF1359RBACDG01,20180808AF1359RBACDG01,20180809AF7652CDGLYS01,20180808AF1258CDGRBA01,20180807AF1258CDGRBA01]";"crew164"
4;"[20180808AF1081LHRCDG01,20180808AF1044CDGSVO01,20180809AF1145SVOCDG01,20180807AF1780CDGLHR01]";"crew165"
6;"[20180809AF1411HAMCDG01,20180807AF7669MRSCDG01,20180808A56229BODFSC01,20180807AF7624CDGBOD01,20180807AF7660CDGMRS01,20180808A56274FSCNTE01]";"crew166"
8;"[20180807AF1788CDGSOF01,20180808AF1581LHRCDG01,20180809AF1029BLQCDG01,20180809AF1367FLRCDG01,20180807AF1789SOFCDG01,20180807AF1380CDGLHR01,20180809AF1366CDGFLR01,20180808AF1328CDGBLQ01]";"crew167"
8;"[20180809AF1788CDGSOF01,20180810AF1581LHRCDG01,20180811AF1029BLQCDG01,20180811AF1367FLRCDG01,20180809AF1789SOFCDG01,20180809AF1380CDGLHR01,20180811AF1366CDGFLR01,20180810AF1328CDGBLQ01]";"crew168"
6;"[20180807AF1511HAMCDG01,20180807AF1462CDGARN01,20180808AF1263ARNCDG01,20180808AF7637BODCDG01,20180808AF7634CDGBOD01,20180807AF1510CDGHAM01]";"crew169"
5;"[20180810AF1225LISCDG01,20180809AF1351CPHCDG01,20180810AF7621BODCDG01,20180809AF7622CDGBOD01,20180810AF1224CDGLIS01]";"crew170"
6;"[20180809AF7651LYSCDG01,20180808AF7669MRSCDG01,20180809AF1262CDGARN01,20180810AF1463ARNCDG01,20180808AF7652CDGLYS01,20180808AF7660CDGMRS01]";"crew171"
10;"[20180809AF1831MXPCDG01,20180810AF1631MXPCDG01,20180810AF7641LYSCDG01,20180809AF1611HAMCDG01,20180808AF7587FSCCDG01,20180808AF1510CDGHAM01,20180810AF7640CDGLYS01,20180808AF7586CDGFSC01,20180809AF1230CDGMXP01,20180809AF1830CDGMXP01]";"crew172"
5;"[20180810AF1823MUCCDG01,20180809AF1343GVACDG01,20180809AF1122CDGMUC01,20180810AF1350CDGCPH01,20180809AF1342CDGGVA01]";"crew173"
6;"[20180810AF1146CDGWAW01,20180811AF7737BESCDG01,20180811AF7625BODCDG01,20180811AF7620CDGBOD01,20180810AF1147WAWCDG01,20180810AF7738CDGBES01]";"crew174"
7;"[20180806AF1465LEDCDG01,20180807AF1281LHRCDG01,20180805AF1069MANCDG01,20180807AF1844CDGSVO01,20180805AF1664CDGLED01,20180808AF1745SVOCDG01,20180806AF1180CDGLHR01]";"crew175"
4;"[20180808AF7731NTECDG01,20180810AF1887EDICDG01,20180808AF7730CDGNTE01,20180808AF1886CDGEDI01]";"crew176"
1;"[20180805AF1355ALGCDG01]";"crew177"
3;"[20180805AF1889OTPCDG01,20180805AF7633BODCDG01,20180805AF7626CDGBOD01]";"crew178"
3;"[20180805AF1723MUCCDG01,20180805AF1051CPHCDG01,20180805AF1050CDGCPH01]";"crew179"
5;"[20180806AF1381LHRCDG01,20180806AF1723MUCCDG01,20180805AF1845SVOCDG01,20180805AF1580CDGLHR01,20180806AF1722CDGMUC01]";"crew180"
3;"[20180805AF1620CDGTLV01,20180805AF1351CPHCDG01,20180806AF1321TLVCDG01]";"crew181"
7;"[20180806AF7625BODCDG01,20180807AF1351CPHCDG01,20180806AF7651LYSCDG01,20180807AF1301MADCDG01,20180806AF7620CDGBOD01,20180807AF1300CDGMAD01,20180806AF1850CDGCPH01]";"crew182"
6;"[20180806AF1854CDGALG01,20180807AF1355ALGCDG01,20180806AF1089OTPCDG01,20180807AF1581LHRCDG01,20180807AF1580CDGLHR01,20180805AF1888CDGOTP01]";"crew183"
5;"[20180805AF1581LHRCDG01,20180806AF1029BLQCDG01,20180807AF1033ATHCDG01,20180806AF1532CDGATH01,20180805AF1328CDGBLQ01]";"crew184"
2;"[20180806AF1281LHRCDG01,20180806AF1280CDGLHR01]";"crew185"
4;"[20180808AF7651LYSCDG01,20180808AF1643GVACDG01,20180806A54126LYSBOD01,20180808AF1642CDGGVA01]";"crew186"
11;"[20180806AF1631MXPCDG01,20180805AF1423MUCCDG01,20180808AF1123MUCCDG01,20180808AF1723MUCCDG01,20180806AF1643GVACDG01,20180807AF1415ZRHCDG01,20180808AF1722CDGMUC01,20180807AF1722CDGMUC01,20180805AF1230CDGMXP01,20180806AF1614CDGZRH01,20180806AF1642CDGGVA01]";"crew187"
10;"[20180808AF7721NTECDG01,20180805AF1669MANCDG01,20180805AF1596CDGCMN01,20180805AF1668CDGMAN01,20180808AF1411HAMCDG01,20180806AF1497CMNCDG01,20180807AF1695BUDCDG01,20180806AF1294CDGBUD01,20180807AF7720CDGNTE01,20180808AF1410CDGHAM01]";"crew188"
12;"[20180807AF7649LYSCDG01,20180806AF1823MUCCDG01,20180808AF7739BESCDG01,20180805AF1253BGOCDG01,20180807AF1851CPHCDG01,20180805AF1252CDGBGO01,20180808AF1659PMICDG01,20180807AF7646CDGLYS01,20180805AF1122CDGMUC01,20180807AF7732CDGBES01,20180806AF1350CDGCPH01,20180808AF1658CDGPMI01]";"crew189"
4;"[20180807AF1887EDICDG01,20180805AF1495BUDCDG01,20180805AF1494CDGBUD01,20180805AF1886CDGEDI01]";"crew190"
6;"[20180807AF1354CDGALG01,20180807AF1597CMNCDG01,20180808AF1051CPHCDG01,20180808AF1855ALGCDG01,20180806AF1781LHRCDG01,20180808AF1050CDGCPH01]";"crew191"
6;"[20180808AF1168CDGMAN01,20180808AF1753KBPCDG01,20180808AF1169MANCDG01,20180807AF1259RBACDG01,20180806AF1358CDGRBA01,20180807AF1652CDGKBP01]";"crew192"
14;"[20180808A54027BODLYS01,20180808A54023BODLYS01,20180809AF1801MADCDG01,20180809AF7627BODCDG01,20180806AF1833ATHCDG01,20180809AF1800CDGMAD01,20180807A56182BODBIA01,20180807A56094LYSAJA01,20180806AF7648CDGLYS01,20180808A54126LYSBOD01,20180808A54028LYSBOD01,20180806AF1832CDGATH01,20180807A56030AJABOD01,20180807A56183BIABOD01]";"crew193"
10;"[20180807AF1596CDGCMN01,20180807AF1668CDGMAN01,20180807AF1669MANCDG01,20180810AF1831MXPCDG01,20180810AF7721NTECDG01,20180808AF1497CMNCDG01,20180809AF1695BUDCDG01,20180808AF1294CDGBUD01,20180809AF7720CDGNTE01,20180810AF1830CDGMXP01]";"crew194"
3;"[20180810AF1665LEDCDG01,20180809AF1081LHRCDG01,20180809AF1464CDGLED01]";"crew195"
4;"[20180809AF1443GVACDG01,20180810AF1615ZRHCDG01,20180810AF1239VIECDG01,20180810AF1238CDGVIE01]";"crew196"
5;"[20180810AF1351CPHCDG01,20180810AF1620CDGTLV01,20180808AF1681LHRCDG01,20180811AF1321TLVCDG01,20180808AF1680CDGLHR01]";"crew197"
6;"[20180808AF1191IBZCDG01,20180809AF1581LHRCDG01,_20180809AF452CDGAMM01,20180808AF1180CDGLHR01,20180808AF1190CDGIBZ01,_20180810AF487AMMCDG01]";"crew198"
8;"[20180808AF1462CDGARN01,20180811AF1781LHRCDG01,20180810AF1465LEDCDG01,20180808AF1291CTACDG01,20180809AF1263ARNCDG01,20180809AF1664CDGLED01,20180810AF1180CDGLHR01,20180808AF1290CDGCTA01]";"crew199"
14;"[20180808AF1184CDGTUN01,20180811AF1501MADCDG01,20180810A54023BODLYS01,20180810A54027BODLYS01,20180811AF7629BODCDG01,20180811AF1500CDGMAD01,20180809A56182BODBIA01,20180809A56094LYSAJA01,20180808AF1185TUNCDG01,20180808AF7648CDGLYS01,20180810A54126LYSBOD01,20180810A54028LYSBOD01,20180809A56030AJABOD01,20180809A56183BIABOD01]";"crew200"
9;"[20180811AF1411HAMCDG01,20180811AF7721NTECDG01,20180809AF7624CDGBOD01,20180810A53362NCENTE01,20180810AF6255BODORY01,20180811AF1410CDGHAM01,20180809AF7517TLSCDG01,20180809AF7516CDGTLS01,20180810AF6208ORYNCE01]";"crew201"
10;"[20180809AF1286CDGDBV01,20180812AF7725NTECDG01,20180812AF1291CTACDG01,20180810AF1495BUDCDG01,20180809AF1287DBVCDG01,20180809AF1694CDGBUD01,20180811A56071NTEAJA01,20180810AF7728CDGNTE01,20180811A56070AJANTE01,20180812AF1290CDGCTA01]";"crew202"
4;"[20180810AF1329BLQCDG01,20180809AF1289BRICDG01,20180809AF1288CDGBRI01,20180809AF1028CDGBLQ01]";"crew203"
3;"[20180811AF7683MPLCDG01,20180809AF1823MUCCDG01,20180810AF7684CDGMPL01]";"crew204"
8;"[20180808AF1262CDGARN01,20180808AF1631MXPCDG01,20180810AF1089OTPCDG01,20180809AF1463ARNCDG01,20180807AF1382CDGPRG01,20180807AF1383PRGCDG01,20180809AF1888CDGOTP01,20180807AF1230CDGMXP01]";"crew205"
7;"[20180810AF1753KBPCDG01,20180810AF1168CDGMAN01,20180810AF1169MANCDG01,20180808AF1597CMNCDG01,20180809AF1259RBACDG01,20180809AF1652CDGKBP01,20180808AF1358CDGRBA01]";"crew206"
6;"[20180807AF1767FLRCDG01,20180807AF1567FLRCDG01,20180806AF1291CTACDG01,20180807AF1766CDGFLR01,20180806AF1266CDGFLR01,20180806AF1290CDGCTA01]";"crew207"
4;"[20180805AF1229BLQCDG01,20180805AF1443GVACDG01,20180805AF1442CDGGVA01,20180805AF1228CDGBLQ01]";"crew208"
2;"[20180807AF1181LHRCDG01,20180807AF1080CDGLHR01]";"crew209"
8;"[20180809AF1062CDGARN01,20180809AF7643LYSCDG01,20180807AF1213LINCDG01,20180809AF1063ARNCDG01,20180808AF1843GVACDG01,20180808AF1415ZRHCDG01,20180808AF7644CDGLYS01,20180807AF1614CDGZRH01]";"crew210"
7;"[20180807AF1889OTPCDG01,20180805AF1597CMNCDG01,20180806AF1259RBACDG01,20180807AF7527TLSCDG01,20180807AF7524CDGTLS01,20180806AF1088CDGOTP01,20180805AF1358CDGRBA01]";"crew211"
2;"[20180808AF1844CDGSVO01,20180809AF1745SVOCDG01]";"crew212"
6;"[20180808AF1668CDGMAN01,20180808AF1596CDGCMN01,20180808AF1669MANCDG01,20180809AF1744CDGSVO01,20180809AF1497CMNCDG01,20180810AF1845SVOCDG01]";"crew213"
2;"[20180805AF1844CDGSVO01,20180806AF1745SVOCDG01]";"crew214"
1;"[20180810AF1844CDGSVO01]";"crew215"
3;"[20180805AF1611HAMCDG01,20180805AF1301MADCDG01,20180805AF1300CDGMAD01]";"crew216"
3;"[20180806AF1243GVACDG01,20180806AF7587FSCCDG01,20180806AF7586CDGFSC01]";"crew217"
4;"[20180805AF1801MADCDG01,20180805AF1462CDGARN01,20180806AF1263ARNCDG01,20180805AF1800CDGMAD01]";"crew218"
6;"[20180807AF1051CPHCDG01,20180807AF1263ARNCDG01,20180806AF1462CDGARN01,20180806AF7731NTECDG01,20180806AF7730CDGNTE01,20180807AF1050CDGCPH01]";"crew219"
4;"[20180807AF7705NCECDG01,20180808AF1401MADCDG01,20180808AF1146CDGWAW01,20180808AF1147WAWCDG01]";"crew220"
4;"[20180809AF7711NCECDG01,20180808AF7710CDGNCE01,20180808AF7517TLSCDG01,20180808AF7516CDGTLS01]";"crew221"
6;"[20180809AF1462CDGARN01,20180810AF7637BODCDG01,20180809AF7637BODCDG01,20180810AF1263ARNCDG01,20180810AF7634CDGBOD01,20180809AF7634CDGBOD01]";"crew222"
2;"[20180806AF1844CDGSVO01,20180807AF1745SVOCDG01]";"crew223"
3;"[20180807AF1744CDGSVO01,20180807AF1681LHRCDG01,20180808AF1145SVOCDG01]";"crew224"
3;"[20180805AF1533ATHCDG01,20180805AF1043GVACDG01,20180805AF1042CDGGVA01]";"crew225"
1;"[20180806AF1145SVOCDG01]";"crew226"
4;"[20180807AF1755ALGCDG01,20180807AF7629BODCDG01,20180807AF1754CDGALG01,20180805AF7634CDGBOD01]";"crew227"
3;"[20180809AF1755ALGCDG01,20180809AF7629BODCDG01,20180809AF1754CDGALG01]";"crew228"
5;"[20180807AF1048CDGBCN01,20180807AF1855ALGCDG01,20180806AF1597CMNCDG01,20180806AF1354CDGALG01,20180807AF1049BCNCDG01]";"crew229"
8;"[20180808AF1823MUCCDG01,20180809AF1601MADCDG01,20180807AF1253BGOCDG01,20180807AF1252CDGBGO01,20180808AF1400CDGMAD01,20180809AF7527TLSCDG01,20180807AF1122CDGMUC01,20180809AF7524CDGTLS01]";"crew230"
3;"[20180809AF1123MUCCDG01,20180810AF1033ATHCDG01,20180809AF1532CDGATH01]";"crew231"
6;"[20180809AF1781LHRCDG01,20180808AF1281LHRCDG01,20180809AF1844CDGSVO01,20180810AF1745SVOCDG01,20180808AF1280CDGLHR01,20180808AF1380CDGLHR01]";"crew232"
8;"[20180812AF1754CDGALG01,20180812AF7629BODCDG01,20180812AF1755ALGCDG01,20180810AF1184CDGTUN01,20180810AF1185TUNCDG01,20180810AF7630CDGBOD01,20180811A56029BODAJA01,20180811A56030AJABOD01]";"crew233"
3;"[20180812AF1101MADCDG01,20180812AF1100CDGMAD01,20180810AF1032CDGATH01]";"crew234"
4;"[20180808AF1744CDGSVO01,20180810AF1081LHRCDG01,20180809AF1845SVOCDG01,20180809AF1580CDGLHR01]";"crew235"
3;"[20180805AF1081LHRCDG01,20180805AF1044CDGSVO01,20180806AF1845SVOCDG01]";"crew236"
7;"[20180806AF7725NTECDG01,20180807AF1381LHRCDG01,20180806AF1695BUDCDG01,20180805AF1294CDGBUD01,20180806AF7720CDGNTE01,20180805AF1145SVOCDG01,20180806AF1780CDGLHR01]";"crew237"
4;"[20180806AF1401MADCDG01,20180807AF1463ARNCDG01,20180808AF1033ATHCDG01,20180807AF1532CDGATH01]";"crew238"
5;"[20180806AF7705NCECDG01,20180807AF1401MADCDG01,20180809AF1033ATHCDG01,20180808AF1463ARNCDG01,20180808AF1532CDGATH01]";"crew239"
9;"[20180809AF1284CDGTUN01,20180806AF1681LHRCDG01,20180809AF1381LHRCDG01,20180808AF1695BUDCDG01,20180806AF1744CDGSVO01,20180807AF1294CDGBUD01,20180807AF1145SVOCDG01,20180809AF1285TUNCDG01,20180808AF1580CDGLHR01]";"crew240"
10;"[20180806AF1184CDGTUN01,20180807AF1781LHRCDG01,20180809AF1889OTPCDG01,20180807AF1144CDGSVO01,20180809AF1043GVACDG01,20180808AF1045SVOCDG01,20180806AF1185TUNCDG01,20180806AF1380CDGLHR01,20180808AF1088CDGOTP01,20180809AF1042CDGGVA01]";"crew241"
5;"[20180809AF1225LISCDG01,20180806AF7637BODCDG01,20180809AF7621BODCDG01,20180806AF7630CDGBOD01,20180809AF1224CDGLIS01]";"crew242"
10;"[20180810AF1023MUCCDG01,20180807AF1801MADCDG01,20180808AF1601MADCDG01,20180810AF1851CPHCDG01,20180808AF1246CDGWAW01,20180807AF1400CDGMAD01,20180807AF1800CDGMAD01,20180809AF1347WAWCDG01,20180810AF1022CDGMUC01,20180809AF1350CDGCPH01]";"crew243"
7;"[20180809AF1597CMNCDG01,20180811AF1889OTPCDG01,20180810AF1259RBACDG01,20180811AF7527TLSCDG01,20180811AF7524CDGTLS01,20180809AF1358CDGRBA01,20180810AF1088CDGOTP01]";"crew244"
6;"[20180809AF1496CDGCMN01,20180811AF1844CDGSVO01,20180810AF1597CMNCDG01,20180811AF1259RBACDG01,20180812AF1745SVOCDG01,20180810AF1358CDGRBA01]";"crew245"
6;"[20180811AF1596CDGCMN01,20180810AF1596CDGCMN01,20180811AF1497CMNCDG01,20180812AF1497CMNCDG01,20180810AF1229BLQCDG01,20180810AF1228CDGBLQ01]";"crew246"
8;"[20180810AF1889OTPCDG01,20180808AF1144CDGSVO01,20180810AF1043GVACDG01,20180809AF1045SVOCDG01,20180808AF1259RBACDG01,20180809AF1088CDGOTP01,20180810AF1042CDGGVA01,20180807AF1358CDGRBA01]";"crew247"
5;"[20180808AF1140CDGAMS01,20180808AF7713NCECDG01,20180809A54023BODLYS01,20180808AF1141AMSCDG01,20180808AF7630CDGBOD01]";"crew248"
1;"[20180804AF1132CDGATH01]";"crew249"
1;"[20180804AF1132CDGATH01]";"crew250"
3;"[20180806AF1615ZRHCDG01,20180806AF1239VIECDG01,20180806AF1238CDGVIE01]";"crew251"
2;"[20180810AF1754CDGALG01,20180810AF1755ALGCDG01]";"crew252"
1;"[20180804AF1132CDGATH01]";"crew253"
2;"[20180806AF1755ALGCDG01,20180806AF1754CDGALG01]";"crew254"
2;"[20180808AF1755ALGCDG01,20180808AF1754CDGALG01]";"crew255"
2;"[20180807AF1833ATHCDG01,20180807AF1832CDGATH01]";"crew256"
4;"[20180808AF7685MPLCDG01,20180808AF1379NAPCDG01,20180808AF7686CDGMPL01,20180808AF1378CDGNAP01]";"crew257"
4;"[20180805AF1191IBZCDG01,20180805AF7685MPLCDG01,20180805AF7686CDGMPL01,20180805AF1190CDGIBZ01]";"crew258"
6;"[20180809AF1533ATHCDG01,20180809AF1441AMSCDG01,20180808AF1343GVACDG01,20180809AF1440CDGAMS01,20180808AF1032CDGATH01,20180808AF1342CDGGVA01]";"crew259"
6;"[20180809AF1788CDGSOF01,20180810AF1581LHRCDG01,20180809AF1789SOFCDG01,20180810AF1459RBACDG01,20180809AF1380CDGLHR01,20180810AF1458CDGRBA01]";"crew260"
6;"[20180809AF1281LHRCDG01,20180809AF1354CDGALG01,20180810AF1051CPHCDG01,20180810AF1855ALGCDG01,20180809AF1280CDGLHR01,20180810AF1050CDGCPH01]";"crew261"
6;"[20180810AF1511HAMCDG01,20180810AF1462CDGARN01,20180811AF1755ALGCDG01,20180811AF1263ARNCDG01,20180811AF1754CDGALG01,20180810AF1510CDGHAM01]";"crew262"
2;"[20180809AF1833ATHCDG01,20180809AF1832CDGATH01]";"crew263"
2;"[20180806AF1788CDGSOF01,20180806AF1789SOFCDG01]";"crew264"
2;"[20180806AF1459RBACDG01,20180806AF1458CDGRBA01]";"crew265"
2;"[20180808AF1459RBACDG01,20180808AF1458CDGRBA01]";"crew266"
2;"[20180809AF1146CDGWAW01,20180809AF1147WAWCDG01]";"crew267"
2;"[20180809AF1196CDGCMN01,20180809AF1197CMNCDG01]";"crew268"
2;"[20180810AF1788CDGSOF01,20180810AF1789SOFCDG01]";"crew269"
6;"[20180806AF1062CDGARN01,20180805AF1511HAMCDG01,20180806AF7643LYSCDG01,20180806AF1063ARNCDG01,20180805AF1510CDGHAM01,20180805AF7648CDGLYS01]";"crew270"
4;"[20180808AF1801MADCDG01,20180809AF1851CPHCDG01,20180808AF1800CDGMAD01,20180808AF1350CDGCPH01]";"crew271"
5;"[20180806AF1889OTPCDG01,20180806AF7715NCECDG01,20180806AF7708CDGNCE01,20180805AF1259RBACDG01,20180805AF1088CDGOTP01]";"crew272"
2;"[20180805AF1181LHRCDG01,20180805AF1080CDGLHR01]";"crew273"
2;"[20180807AF1181LHRCDG01,20180807AF1080CDGLHR01]";"crew274"
3;"[20180805AF7715NCECDG01,20180805AF1533ATHCDG01,20180805AF7708CDGNCE01]";"crew275"
6;"[20180806AF1767FLRCDG01,20180805AF1589OTPCDG01,20180806AF1231MXPCDG01,20180806AF1766CDGFLR01,20180805AF1630CDGMXP01,20180805AF1588CDGOTP01]";"crew276"
4;"[20180805AF1462CDGARN01,20180805AF1801MADCDG01,20180806AF1263ARNCDG01,20180805AF1800CDGMAD01]";"crew277"
6;"[20180806AF1291CTACDG01,20180807AF1767FLRCDG01,20180807AF1567FLRCDG01,20180807AF1766CDGFLR01,20180806AF1266CDGFLR01,20180806AF1290CDGCTA01]";"crew278"
3;"[20180807AF1441AMSCDG01,20180807AF1727VCECDG01,20180807AF1440CDGAMS01]";"crew279"
4;"[20180808AF1441AMSCDG01,20180808AF1727VCECDG01,20180807AF1226CDGVCE01,20180808AF1440CDGAMS01]";"crew280"
5;"[20180807AF7731NTECDG01,20180808AF7643LYSCDG01,20180808AF1063ARNCDG01,20180807AF7730CDGNTE01,20180807AF7648CDGLYS01]";"crew281"
4;"[20180808AF1465LEDCDG01,20180808AF7715NCECDG01,20180807AF1664CDGLED01,20180808AF7708CDGNCE01]";"crew282"
6;"[20180810AF1231MXPCDG01,20180809AF7731NTECDG01,20180810AF1767FLRCDG01,20180809AF7730CDGNTE01,20180810AF1766CDGFLR01,20180809AF1630CDGMXP01]";"crew283"
6;"[20180810AF1291CTACDG01,20180811AF1043GVACDG01,20180811AF1567FLRCDG01,20180810AF1266CDGFLR01,20180810AF1290CDGCTA01,20180811AF1042CDGGVA01]";"crew284"
6;"[20180811AF1581LHRCDG01,20180810AF1281LHRCDG01,20180811AF1659PMICDG01,20180810AF1380CDGLHR01,20180810AF1280CDGLHR01,20180811AF1658CDGPMI01]";"crew285"
3;"[20180805AF1231MXPCDG01,20180805AF1441AMSCDG01,20180805AF1440CDGAMS01]";"crew286"
3;"[20180805AF1043GVACDG01,20180805AF1533ATHCDG01,20180805AF1042CDGGVA01]";"crew287"
3;"[20180806AF1615ZRHCDG01,20180806AF1239VIECDG01,20180806AF1238CDGVIE01]";"crew288"
4;"[20180807AF1754CDGALG01,20180807AF7629BODCDG01,20180807AF1755ALGCDG01,20180805AF7634CDGBOD01]";"crew289"
3;"[20180809AF1754CDGALG01,20180809AF7629BODCDG01,20180809AF1755ALGCDG01]";"crew290"
9;"[20180805AF7731NTECDG01,20180806AF1443GVACDG01,20180806AF1815ZRHCDG01,20180807AF1615ZRHCDG01,20180807AF1239VIECDG01,20180805AF7730CDGNTE01,20180807AF1238CDGVIE01,20180806AF1814CDGZRH01,20180805AF1242CDGGVA01]";"crew291"
3;"[20180807AF1101MADCDG01,20180807AF1711HAMCDG01,20180807AF1100CDGMAD01]";"crew292"
5;"[20180807AF1049BCNCDG01,20180806AF1354CDGALG01,20180806AF1597CMNCDG01,20180807AF1855ALGCDG01,20180807AF1048CDGBCN01]";"crew293"
10;"[20180807AF7683MPLCDG01,20180806AF1252CDGBGO01,20180807AF7733BESCDG01,20180806AF1253BGOCDG01,20180808AF1567FLRCDG01,20180806AF7684CDGMPL01,20180808AF7527TLSCDG01,20180807AF1266CDGFLR01,20180808AF7524CDGTLS01,20180807AF7738CDGBES01]";"crew294"
5;"[20180808AF1533ATHCDG01,20180808AF1582CDGPRG01,20180807AF1343GVACDG01,20180808AF1583PRGCDG01,20180807AF1032CDGATH01]";"crew295"
5;"[20180808AF1781LHRCDG01,20180807AF1465LEDCDG01,20180808AF7633BODCDG01,20180806AF1664CDGLED01,20180807AF1180CDGLHR01]";"crew296"
8;"[20180808AF1823MUCCDG01,20180809AF1601MADCDG01,20180807AF1252CDGBGO01,20180807AF1253BGOCDG01,20180808AF1400CDGMAD01,20180809AF7527TLSCDG01,20180807AF1122CDGMUC01,20180809AF7524CDGTLS01]";"crew297"
5;"[20180809AF1023MUCCDG01,20180808AF7683MPLCDG01,20180807AF7684CDGMPL01,20180809AF1727VCECDG01,20180809AF1022CDGMUC01]";"crew298"
6;"[20180807AF1462CDGARN01,20180807AF1511HAMCDG01,20180808AF7637BODCDG01,20180808AF1263ARNCDG01,20180808AF7634CDGBOD01,20180807AF1510CDGHAM01]";"crew299"
5;"[20180810AF7715NCECDG01,20180810AF1533ATHCDG01,20180809AF1329BLQCDG01,20180810AF7708CDGNCE01,20180809AF1032CDGATH01]";"crew300"
5;"[20180809AF1343GVACDG01,20180810AF1823MUCCDG01,20180809AF1122CDGMUC01,20180809AF1342CDGGVA01,20180810AF1350CDGCPH01]";"crew301"
6;"[20180810AF1496CDGCMN01,20180810AF1379NAPCDG01,20180812AF1855ALGCDG01,20180811AF1597CMNCDG01,20180811AF1354CDGALG01,20180810AF1378CDGNAP01]";"crew302"
4;"[20180810AF1184CDGTUN01,20180810AF1354CDGALG01,20180811AF1855ALGCDG01,20180810AF1185TUNCDG01]";"crew303"
2;"[20180811AF1465LEDCDG01,20180810AF1664CDGLED01]";"crew304"
3;"[20180812AF1101MADCDG01,20180812AF1100CDGMAD01,20180810AF1032CDGATH01]";"crew305"
3;"[20180805AF1889OTPCDG01,20180805AF7633BODCDG01,20180805AF7626CDGBOD01]";"crew306"
3;"[20180805AF1723MUCCDG01,20180805AF1051CPHCDG01,20180805AF1050CDGCPH01]";"crew307"
3;"[20180805AF1281LHRCDG01,20180805AF1855ALGCDG01,20180805AF1280CDGLHR01]";"crew308"
1;"[20180805AF7683MPLCDG01]";"crew309"
4;"[20180806AF1711HAMCDG01,20180806AF1101MADCDG01,20180805AF1329BLQCDG01,20180806AF1100CDGMAD01]";"crew310"
6;"[20180805AF1465LEDCDG01,20180806AF1581LHRCDG01,20180806AF1511HAMCDG01,20180804AF1664CDGLED01,20180806AF1510CDGHAM01,20180805AF1180CDGLHR01]";"crew311"
7;"[20180807AF1889OTPCDG01,20180805AF1597CMNCDG01,20180806AF1259RBACDG01,20180807AF7527TLSCDG01,20180807AF7524CDGTLS01,20180806AF1088CDGOTP01,20180805AF1358CDGRBA01]";"crew312"
12;"[20180807AF1851CPHCDG01,20180805AF1252CDGBGO01,20180805AF1253BGOCDG01,20180808AF7739BESCDG01,20180806AF1823MUCCDG01,20180807AF7649LYSCDG01,20180808AF1659PMICDG01,20180807AF7646CDGLYS01,20180805AF1122CDGMUC01,20180807AF7732CDGBES01,20180808AF1658CDGPMI01,20180806AF1350CDGCPH01]";"crew313"
6;"[20180806AF1781LHRCDG01,20180807AF1354CDGALG01,20180808AF1051CPHCDG01,20180807AF1597CMNCDG01,20180808AF1855ALGCDG01,20180808AF1050CDGCPH01]";"crew314"
6;"[20180808AF1169MANCDG01,20180808AF1753KBPCDG01,20180808AF1168CDGMAN01,20180807AF1259RBACDG01,20180807AF1652CDGKBP01,20180806AF1358CDGRBA01]";"crew315"
14;"[20180809AF7627BODCDG01,20180806AF1833ATHCDG01,20180809AF1801MADCDG01,20180808A54023BODLYS01,20180808A54027BODLYS01,20180807A56094LYSAJA01,20180809AF1800CDGMAD01,20180807A56182BODBIA01,20180806AF7648CDGLYS01,20180807A56030AJABOD01,20180807A56183BIABOD01,20180806AF1832CDGATH01,20180808A54028LYSBOD01,20180808A54126LYSBOD01]";"crew316"
4;"[20180808AF1511HAMCDG01,20180809AF1723MUCCDG01,20180807AF1347WAWCDG01,20180808AF1122CDGMUC01]";"crew317"
10;"[20180806AF1184CDGTUN01,20180809AF1889OTPCDG01,20180807AF1781LHRCDG01,20180807AF1144CDGSVO01,20180809AF1043GVACDG01,20180808AF1045SVOCDG01,20180806AF1185TUNCDG01,20180806AF1380CDGLHR01,20180808AF1088CDGOTP01,20180809AF1042CDGGVA01]";"crew318"
8;"[20180808AF1889OTPCDG01,20180809AF7685MPLCDG01,20180809AF1465LEDCDG01,20180806AF1144CDGSVO01,20180809AF7686CDGMPL01,20180808AF1664CDGLED01,20180807AF1045SVOCDG01,20180807AF1088CDGOTP01]";"crew319"
7;"[20180808AF1597CMNCDG01,20180810AF1753KBPCDG01,20180810AF1168CDGMAN01,20180810AF1169MANCDG01,20180809AF1259RBACDG01,20180808AF1358CDGRBA01,20180809AF1652CDGKBP01]";"crew320"
4;"[20180809AF1443GVACDG01,20180810AF1615ZRHCDG01,20180810AF1238CDGVIE01,20180810AF1239VIECDG01]";"crew321"
10;"[20180807AF1184CDGTUN01,20180810AF1889OTPCDG01,20180808AF1144CDGSVO01,20180810AF1043GVACDG01,20180809AF1045SVOCDG01,20180808AF1259RBACDG01,20180807AF1185TUNCDG01,20180809AF1088CDGOTP01,20180810AF1042CDGGVA01,20180807AF1358CDGRBA01]";"crew322"
10;"[20180808AF1601MADCDG01,20180807AF1801MADCDG01,20180810AF1023MUCCDG01,20180810AF1851CPHCDG01,20180808AF1246CDGWAW01,20180807AF1400CDGMAD01,20180807AF1800CDGMAD01,20180809AF1347WAWCDG01,20180810AF1022CDGMUC01,20180809AF1350CDGCPH01]";"crew323"
14;"[20180811AF1501MADCDG01,20180810A54023BODLYS01,20180810A54027BODLYS01,20180808AF1833ATHCDG01,20180811AF7629BODCDG01,20180809A56182BODBIA01,20180811AF1500CDGMAD01,20180809A56094LYSAJA01,20180808AF7648CDGLYS01,20180808AF1832CDGATH01,20180810A54028LYSBOD01,20180810A54126LYSBOD01,20180809A56183BIABOD01,20180809A56030AJABOD01]";"crew324"
8;"[20180808AF1291CTACDG01,20180809AF1263ARNCDG01,20180808AF1462CDGARN01,20180811AF1781LHRCDG01,20180810AF1465LEDCDG01,20180809AF1664CDGLED01,20180810AF1180CDGLHR01,20180808AF1290CDGCTA01]";"crew325"
7;"[20180811AF1889OTPCDG01,20180809AF1597CMNCDG01,20180810AF1259RBACDG01,20180811AF7527TLSCDG01,20180811AF7524CDGTLS01,20180810AF1088CDGOTP01,20180809AF1358CDGRBA01]";"crew326"
10;"[20180809AF1286CDGDBV01,20180812AF7725NTECDG01,20180812AF1291CTACDG01,20180810AF1495BUDCDG01,20180809AF1287DBVCDG01,20180809AF1694CDGBUD01,20180811A56071NTEAJA01,20180810AF7728CDGNTE01,20180811A56070AJANTE01,20180812AF1290CDGCTA01]";"crew327"
4;"[20180809AF1289BRICDG01,20180810AF1329BLQCDG01,20180809AF1288CDGBRI01,20180809AF1028CDGBLQ01]";"crew328"
3;"[20180809AF1823MUCCDG01,20180811AF7683MPLCDG01,20180810AF7684CDGMPL01]";"crew329"
12;"[20180809AF7637BODCDG01,20180810AF7637BODCDG01,20180812AF7629BODCDG01,20180812AF1754CDGALG01,20180810AF1263ARNCDG01,20180812AF1755ALGCDG01,20180809AF1462CDGARN01,20180810AF7630CDGBOD01,20180809AF7634CDGBOD01,20180810AF7634CDGBOD01,20180811A56029BODAJA01,20180811A56030AJABOD01]";"crew330"
8;"[20180812AF1312CDGLIN01,20180812AF1889OTPCDG01,20180812AF1313LINCDG01,20180809AF1144CDGSVO01,20180810AF1144CDGSVO01,20180810AF1045SVOCDG01,20180811AF1045SVOCDG01,20180811AF1088CDGOTP01]";"crew331"
3;"[20180805AF1581LHRCDG01,20180805AF1196CDGCMN01,20180805AF1197CMNCDG01]";"crew332"
6;"[20180808AF1581LHRCDG01,20180808AF1196CDGCMN01,20180807AF1788CDGSOF01,20180808AF1197CMNCDG01,20180807AF1789SOFCDG01,20180807AF1380CDGLHR01]";"crew333"
6;"[20180805AF1184CDGTUN01,20180806AF1855ALGCDG01,20180805AF1354CDGALG01,20180806AF1051CPHCDG01,20180805AF1185TUNCDG01,20180806AF1050CDGCPH01]";"crew334"
6;"[20180805AF1823MUCCDG01,20180806AF1441AMSCDG01,20180806AF1851CPHCDG01,20180805AF1822CDGMUC01,20180806AF1440CDGAMS01,20180805AF1350CDGCPH01]";"crew335"
4;"[20180809AF1253BGOCDG01,20180810AF1441AMSCDG01,20180810AF1727VCECDG01,20180810AF1440CDGAMS01]";"crew336"
2;"[20180807AF1433ATHCDG01,20180807AF1432CDGATH01]";"crew337"
2;"[20180806AF1333ATHCDG01,20180806AF1332CDGATH01]";"crew338"
2;"[20180807AF1333ATHCDG01,20180807AF1332CDGATH01]";"crew339"
2;"[20180809AF1333ATHCDG01,20180809AF1332CDGATH01]";"crew340"
2;"[20180810AF1333ATHCDG01,20180810AF1332CDGATH01]";"crew341"
2;"[20180808AF1788CDGSOF01,20180808AF1789SOFCDG01]";"crew342"
2;"[20180810AF1284CDGTUN01,20180810AF1285TUNCDG01]";"crew343"
3;"[20180805AF1263ARNCDG01,20180805AF1501MADCDG01,20180805AF1500CDGMAD01]";"crew344"
6;"[20180806AF1462CDGARN01,20180806AF7731NTECDG01,20180807AF1263ARNCDG01,20180807AF1051CPHCDG01,20180806AF7730CDGNTE01,20180807AF1050CDGCPH01]";"crew345"
6;"[20180811AF1062CDGARN01,20180811AF7643LYSCDG01,20180810AF1252CDGBGO01,20180810AF1253BGOCDG01,20180811AF1063ARNCDG01,20180810AF7648CDGLYS01]";"crew346"
8;"[20180808AF1184CDGTUN01,20180809AF1855ALGCDG01,20180809AF1141AMSCDG01,20180808AF1354CDGALG01,20180810AF7629BODCDG01,20180809AF7630CDGBOD01,20180808AF1185TUNCDG01,20180809AF1140CDGAMS01]";"crew347"
9;"[20180809AF7683MPLCDG01,20180810AF1101MADCDG01,20180810AF1711HAMCDG01,20180808AF1253BGOCDG01,20180809AF7733BESCDG01,20180808AF1252CDGBGO01,20180808AF7684CDGMPL01,20180810AF1100CDGMAD01,20180809AF7738CDGBES01]";"crew348"
7;"[20180807AF1022CDGMUC01,20180806AF1032CDGATH01,20180807AF1023MUCCDG01,20180807AF1533ATHCDG01,20180805AF1144CDGSVO01,20180805AF1045SVOCDG01,20180806AF1045SVOCDG01]";"crew349"
5;"[20180808AF1140CDGAMS01,20180809A54023BODLYS01,20180808AF7713NCECDG01,20180808AF1141AMSCDG01,20180808AF7630CDGBOD01]";"crew350"
1;"[20180805AF384VLEDCDG01]";"crew351"
1;"[20180805AF1259RBACDG01]";"crew352"
4;"[20180805AF1088CDGOTP01,20180806AF7708CDGNCE01,20180806AF7715NCECDG01,20180806AF1889OTPCDG01]";"crew353"
1;"[20180805AF1463ARNCDG01]";"crew354"
6;"[20180805AF1180CDGLHR01,20180806AF1510CDGHAM01,20180804AF1664CDGLED01,20180805AF1465LEDCDG01,20180806AF1581LHRCDG01,20180806AF1511HAMCDG01]";"crew355"
1;"[20180805AF1359RBACDG01]";"crew356"
6;"[20180805AF1258CDGRBA01,20180806AF1258CDGRBA01,20180807AF1740CDGAMS01,20180806AF1359RBACDG01,20180807AF1359RBACDG01,20180807AF1741AMSCDG01]";"crew357"
6;"[20180806AF1440CDGAMS01,20180805AF1185TUNCDG01,20180805AF1184CDGTUN01,20180806AF1855ALGCDG01,20180806AF1441AMSCDG01,20180805AF1354CDGALG01]";"crew358"
11;"[20180810AF1380CDGLHR01,20180810AF1280CDGLHR01,20180809AF1280CDGLHR01,20180809AF1281LHRCDG01,20180810AF1281LHRCDG01,20180811AF1581LHRCDG01,20180810AF1855ALGCDG01,20180812AF1755ALGCDG01,20180809AF1354CDGALG01,20180812AF1754CDGALG01,20180812AF7629BODCDG01]";"crew359"
2;"[20180811AF1355ALGCDG01,20180810AF1854CDGALG01]";"crew360"
2;"[20180807AF1755ALGCDG01,20180807AF1754CDGALG01]";"crew361"
2;"[20180809AF1755ALGCDG01,20180809AF1754CDGALG01]";"crew362"
1;"[20180805AF1033ATHCDG01]";"crew363"
1;"[20180805AF1259RBACDG01]";"crew364"
2;"[20180810AF1185TUNCDG01,20180810AF1184CDGTUN01]";"crew365"
4;"[20180810AF1114CDGZRH01,20180810AF1740CDGAMS01,20180810AF1115ZRHCDG01,20180810AF1741AMSCDG01]";"crew366"
4;"[20180810AF1496CDGCMN01,20180812AF1855ALGCDG01,20180811AF1354CDGALG01,20180811AF1597CMNCDG01]";"crew367"
4;"[20180811AF1042CDGGVA01,20180810AF1664CDGLED01,20180811AF1465LEDCDG01,20180811AF1043GVACDG01]";"crew368"
2;"[20180807AF1380CDGLHR01,20180808AF1581LHRCDG01]";"crew369"
6;"[20180806AF1032CDGATH01,20180807AF7524CDGTLS01,20180806AF1045SVOCDG01,20180807AF7527TLSCDG01,20180807AF1533ATHCDG01,20180805AF1144CDGSVO01]";"crew370"
3;"[20180805AF1358CDGRBA01,20180805AF1597CMNCDG01,20180806AF1259RBACDG01]";"crew371"
2;"[20180806AF1285TUNCDG01,20180806AF1284CDGTUN01]";"crew372"
1;"[20180805AF1355ALGCDG01]";"crew373"
2;"[20180807AF1532CDGATH01,20180808AF1033ATHCDG01]";"crew374"
6;"[20180805AF1180CDGLHR01,20180804AF1664CDGLED01,20180806AF1062CDGARN01,20180805AF1465LEDCDG01,20180806AF1581LHRCDG01,20180806AF1063ARNCDG01]";"crew375"
2;"[20180808AF1532CDGATH01,20180809AF1033ATHCDG01]";"crew376"
2;"[20180808AF1355ALGCDG01,20180807AF1854CDGALG01]";"crew377"
8;"[20180807AF1358CDGRBA01,20180809AF1380CDGLHR01,20180809AF1045SVOCDG01,20180808AF1259RBACDG01,20180807AF1185TUNCDG01,20180807AF1184CDGTUN01,20180810AF1581LHRCDG01,20180808AF1144CDGSVO01]";"crew378"
6;"[20180808AF1440CDGAMS01,20180807AF1242CDGGVA01,20180808AF1441AMSCDG01,20180806AF1144CDGSVO01,20180808AF1443GVACDG01,20180807AF1045SVOCDG01]";"crew379"
8;"[20180811AF1242CDGGVA01,20180812AF1100CDGMAD01,20180811AF1045SVOCDG01,20180810AF1045SVOCDG01,20180812AF1101MADCDG01,20180809AF1144CDGSVO01,20180810AF1144CDGSVO01,20180812AF1443GVACDG01]";"crew380"
4;"[20180807AF1580CDGLHR01,20180807AF1581LHRCDG01,20180807AF1355ALGCDG01,20180806AF1854CDGALG01]";"crew381"
4;"[20180806AF1614CDGZRH01,20180806AF1642CDGGVA01,20180806AF1615ZRHCDG01,20180806AF1643GVACDG01]";"crew382"
2;"[20180806AF1832CDGATH01,20180806AF1833ATHCDG01]";"crew383"
6;"[20180808AF1185TUNCDG01,20180808AF1184CDGTUN01,20180809AF1062CDGARN01,20180809AF1855ALGCDG01,20180809AF1063ARNCDG01,20180808AF1354CDGALG01]";"crew384"
1;"[20180810AF1032CDGATH01]";"crew385"
1;"[20180805AF7651LYSCDG01]";"crew386"
2;"[20180805AF1642CDGGVA01,20180805AF1643GVACDG01]";"crew387"
3;"[20180805AF1440CDGAMS01,20180805AF1441AMSCDG01,20180805AF1231MXPCDG01]";"crew388"
5;"[20180806AF1850CDGCPH01,20180806AF7620CDGBOD01,20180807AF1351CPHCDG01,20180806AF7625BODCDG01,20180806AF7651LYSCDG01]";"crew389"
2;"[20180807AF1300CDGMAD01,20180807AF1301MADCDG01]";"crew390"
4;"[20180807AF1114CDGZRH01,20180807AF1115ZRHCDG01,20180807AF1596CDGCMN01,20180808AF1497CMNCDG01]";"crew391"
5;"[20180806AF1532CDGATH01,20180805AF1328CDGBLQ01,20180807AF1033ATHCDG01,20180806AF1029BLQCDG01,20180805AF1843GVACDG01]";"crew392"
4;"[20180805AF1642CDGGVA01,20180805AF1780CDGLHR01,20180806AF1381LHRCDG01,20180805AF1643GVACDG01]";"crew393"
3;"[20180805AF7626CDGBOD01,20180805AF1533ATHCDG01,20180805AF7633BODCDG01]";"crew394"
3;"[20180805AF1442CDGGVA01,20180805AF1681LHRCDG01,20180805AF1443GVACDG01]";"crew395"
4;"[20180806AF1230CDGMXP01,20180805AF1596CDGCMN01,20180805AF1681LHRCDG01,20180806AF1497CMNCDG01]";"crew396"
4;"[20180806AF1114CDGZRH01,20180806AF1442CDGGVA01,20180806AF1115ZRHCDG01,20180807AF1243GVACDG01]";"crew397"
2;"[20180807AF1342CDGGVA01,20180808AF1243GVACDG01]";"crew398"
4;"[20180808AF7524CDGTLS01,20180807AF1664CDGLED01,20180808AF7527TLSCDG01,20180808AF1465LEDCDG01]";"crew399"
4;"[20180810AF1614CDGZRH01,20180809AF1180CDGLHR01,20180810AF1615ZRHCDG01,20180810AF1681LHRCDG01]";"crew400"
1;"[20180805AF1845SVOCDG01]";"crew401"
4;"[20180807AF1230CDGMXP01,20180808AF1631MXPCDG01,20180808AF1854CDGALG01,20180809AF1355ALGCDG01]";"crew402"
5;"[20180805AF1242CDGGVA01,20180806AF1080CDGLHR01,20180805AF1731MXPCDG01,20180806AF1181LHRCDG01,20180806AF1443GVACDG01]";"crew403"
4;"[20180809AF1642CDGGVA01,20180809AF1780CDGLHR01,20180810AF1381LHRCDG01,20180809AF1643GVACDG01]";"crew404"
5;"[20180807AF1083PRGCDG01,20180806AF1596CDGCMN01,20180806AF7641LYSCDG01,20180807AF1082CDGPRG01,20180807AF1497CMNCDG01]";"crew405"
3;"[20180805AF1440CDGAMS01,20180805AF1147WAWCDG01,20180805AF1441AMSCDG01]";"crew406"
3;"[20180807AF1032CDGATH01,20180808AF1533ATHCDG01,20180807AF1343GVACDG01]";"crew407"
3;"[20180807AF1440CDGAMS01,20180807AF1441AMSCDG01,20180807AF1443GVACDG01]";"crew408"
4;"[20180807AF1780CDGLHR01,20180808AF1045SVOCDG01,20180807AF1781LHRCDG01,20180807AF1144CDGSVO01]";"crew409"
2;"[20180810AF1440CDGAMS01,20180810AF1441AMSCDG01]";"crew410"
10;"[20180806AF1350CDGCPH01,20180806AF1780CDGLHR01,20180807AF7646CDGLYS01,20180807AF7732CDGBES01,20180809AF7620CDGBOD01,20180807AF7649LYSCDG01,20180806AF1781LHRCDG01,20180807AF1851CPHCDG01,20180809AF7737BESCDG01,20180809AF7625BODCDG01]";"crew411"
4;"[20180806AF1380CDGLHR01,20180806AF1185TUNCDG01,20180806AF1184CDGTUN01,20180807AF1781LHRCDG01]";"crew412"
6;"[20180807AF1780CDGLHR01,20180807AF1340CDGAMS01,20180809AF1145SVOCDG01,20180808AF1081LHRCDG01,20180807AF1341AMSCDG01,20180808AF1044CDGSVO01]";"crew413"
3;"[20180805AF1532CDGATH01,20180806AF7736CDGBES01,20180806AF1033ATHCDG01]";"crew414"
6;"[20180808AF1140CDGAMS01,20180806AF1781LHRCDG01,20180808AF1855ALGCDG01,20180808AF1141AMSCDG01,20180807AF1354CDGALG01,20180807AF1597CMNCDG01]";"crew415"
6;"[20180807AF1652CDGKBP01,20180806AF1358CDGRBA01,20180807AF1259RBACDG01,20180808AF1753KBPCDG01,20180808AF1168CDGMAN01,20180808AF1169MANCDG01]";"crew416"
6;"[20180808AF1180CDGLHR01,20180809AF1140CDGAMS01,20180809AF7630CDGBOD01,20180809AF1581LHRCDG01,20180809AF1141AMSCDG01,20180810AF7629BODCDG01]";"crew417"
4;"[20180810AF1180CDGLHR01,20180810AF1465LEDCDG01,20180811AF1781LHRCDG01,20180809AF1664CDGLED01]";"crew418"
5;"[20180810AF1532CDGATH01,20180809A56030AJABOD01,20180809A56094LYSAJA01,20180808AF1423MUCCDG01,20180810AF7621BODCDG01]";"crew419"
1;"[20180806AF1145SVOCDG01]";"crew420"
8;"[20180809AF1596CDGCMN01,20180810AF1596CDGCMN01,20180811AF1596CDGCMN01,20180809AF1681LHRCDG01,20180810AF1497CMNCDG01,20180811AF1497CMNCDG01,20180812AF1497CMNCDG01,20180809AF1680CDGLHR01]";"crew421"
5;"[20180806AF1023MUCCDG01,20180806AF1533ATHCDG01,20180805AF1045SVOCDG01,20180806AF1022CDGMUC01,20180805AF1032CDGATH01]";"crew422"
5;"[20180807AF7705NCECDG01,20180808AF1601MADCDG01,20180809AF1897CMNCDG01,20180809AF1343GVACDG01,20180809AF1342CDGGVA01]";"crew423"
3;"[20180807AF1615ZRHCDG01,20180807AF1213LINCDG01,20180807AF1614CDGZRH01]";"crew424"
5;"[20180808AF1196CDGCMN01,20180808AF1843GVACDG01,20180809AF1744CDGSVO01,20180809AF1497CMNCDG01,20180810AF1845SVOCDG01]";"crew425"
2;"[20180810AF1033ATHCDG01,20180809AF1532CDGATH01]";"crew426"
1;"[20180804AF1132CDGATH01]";"crew427"
6;"[20180805AF7634CDGBOD01,20180805AF1581LHRCDG01,20180806AF7621BODCDG01,20180806AF1341AMSCDG01,20180805AF1580CDGLHR01,20180806AF1340CDGAMS01]";"crew428"
4;"[20180810AF1533ATHCDG01,20180810AF1043GVACDG01,20180809AF1032CDGATH01,20180810AF1042CDGGVA01]";"crew429"
2;"[20180805AF1897CMNCDG01,20180806AF1243GVACDG01]";"crew430"
1;"[20180805AF1243GVACDG01]";"crew431"
4;"[20180808AF1664CDGLED01,20180809AF1465LEDCDG01,20180809AF1043GVACDG01,20180809AF1042CDGGVA01]";"crew432"
2;"[20180808AF1596CDGCMN01,20180809AF1497CMNCDG01]";"crew433"
7;"[20180808AF1294CDGBUD01,20180809AF7720CDGNTE01,20180811AF7711NCECDG01,20180809AF1695BUDCDG01,20180810A54001NTELYS01,20180808AF1643GVACDG01,20180808AF1642CDGGVA01]";"crew434"
2;"[20180809AF7624CDGBOD01,20180811AF1341AMSCDG01]";"crew435"
8;"[20180808AF1601MADCDG01,20180809AF1597CMNCDG01,20180811AF1443GVACDG01,20180810AF1259RBACDG01,20180811AF7527TLSCDG01,20180811AF7524CDGTLS01,20180810AF1242CDGGVA01,20180809AF1358CDGRBA01]";"crew436"
2;"[20180805AF1140CDGAMS01,20180805AF1141AMSCDG01]";"crew437"
2;"[20180805AF1232CDGATH01,20180805AF1233ATHCDG01]";"crew438"
2;"[20180810AF1232CDGATH01,20180810AF1233ATHCDG01]";"crew439"
2;"[20180805AF1554CDGALG01,20180805AF1555ALGCDG01]";"crew440"
2;"[20180807AF1554CDGALG01,20180807AF1555ALGCDG01]";"crew441"
2;"[20180810AF1554CDGALG01,20180810AF1555ALGCDG01]";"crew442"
2;"[20180810AF1430CDGORN01,20180810AF1431ORNCDG01]";"crew443"
2;"[20180807AF1001MADCDG01,20180807AF1000CDGMAD01]";"crew444"
2;"[20180805AF1084CDGTUN01,20180805AF1085TUNCDG01]";"crew445"
2;"[20180805AF1784CDGTUN01,20180806AF1785TUNCDG01]";"crew446"
2;"[20180808AF1784CDGTUN01,20180809AF1785TUNCDG01]";"crew447"
1;"[20180810AF1784CDGTUN01]";"crew448"
2;"[20180808AF1844CDGSVO01,20180809AF1745SVOCDG01]";"crew449"
2;"[20180806AF1164CDGBHX01,20180806AF1165BHXCDG01]";"crew450"
2;"[20180809AF1228CDGBLQ01,20180809AF1229BLQCDG01]";"crew451"
2;"[20180808AF1665LEDCDG01,20180807AF1464CDGLED01]";"crew452"
2;"[20180809AF1665LEDCDG01,20180808AF1464CDGLED01]";"crew453"
6;"[20180809AF1744CDGSVO01,20180809AF1497CMNCDG01,20180808AF1596CDGCMN01,20180808AF1668CDGMAN01,20180808AF1669MANCDG01,20180810AF1845SVOCDG01]";"crew454"
7;"[20180811AF1150CDGCPH01,20180811AF1151CPHCDG01,20180810AF7689MPLCDG01,20180810AF7681MPLCDG01,20180810AF1726CDGVCE01,20180811AF1327VCECDG01,20180810AF7688CDGMPL01]";"crew455"
4;"[20180810AF1886CDGEDI01,20180810AF7730CDGNTE01,20180812AF1887EDICDG01,20180810AF7731NTECDG01]";"crew456"
4;"[20180809AF1422CDGMUC01,20180809AF7713NCECDG01,20180809AF1423MUCCDG01,20180809AF7710CDGNCE01]";"crew457"
2;"[20180806AF1233ATHCDG01,20180806AF1232CDGATH01]";"crew458"
2;"[20180808AF1233ATHCDG01,20180808AF1232CDGATH01]";"crew459"
2;"[20180806AF1554CDGALG01,20180806AF1555ALGCDG01]";"crew460"
2;"[20180808AF1554CDGALG01,20180808AF1555ALGCDG01]";"crew461"
2;"[20180806AF1430CDGORN01,20180806AF1431ORNCDG01]";"crew462"
2;"[20180808AF1430CDGORN01,20180808AF1431ORNCDG01]";"crew463"
2;"[20180809AF1430CDGORN01,20180809AF1431ORNCDG01]";"crew464"
4;"[20180805AF1229BLQCDG01,20180805AF1443GVACDG01,20180805AF1442CDGGVA01,20180805AF1228CDGBLQ01]";"crew465"
4;"[20180807AF1560CDGZAG01,20180807AF1561ZAGCDG01,20180807AF1115ZRHCDG01,20180807AF1114CDGZRH01]";"crew466"
4;"[20180809AF1817DUBCDG01,20180809AF1681LHRCDG01,20180809AF1816CDGDUB01,20180809AF1680CDGLHR01]";"crew467"
2;"[20180808AF1001MADCDG01,20180808AF1000CDGMAD01]";"crew468"
5;"[20180809AF1750CDGCPH01,20180810AF1427VCECDG01,20180810AF1247WAWCDG01,20180809AF1751CPHCDG01,20180809AF1346CDGWAW01]";"crew469"
2;"[20180805AF1844CDGSVO01,20180806AF1745SVOCDG01]";"crew470"
1;"[20180810AF1844CDGSVO01]";"crew471"
1;"[20180805AF1785TUNCDG01]";"crew472"
2;"[20180807AF1784CDGTUN01,20180808AF1785TUNCDG01]";"crew473"
2;"[20180809AF1784CDGTUN01,20180810AF1785TUNCDG01]";"crew474"
3;"[20180806AF1300CDGMAD01,20180806AF1351CPHCDG01,20180806AF1301MADCDG01]";"crew475"
6;"[20180806AF1114CDGZRH01,20180807AF1830CDGMXP01,20180806AF1710CDGHAM01,20180806AF1115ZRHCDG01,20180807AF1611HAMCDG01,20180807AF1831MXPCDG01]";"crew476"
6;"[20180807AF1342CDGGVA01,20180807AF1146CDGWAW01,20180808AF7627BODCDG01,20180808AF1243GVACDG01,20180807AF1147WAWCDG01,20180808AF7622CDGBOD01]";"crew477"
7;"[20180809AF1642CDGGVA01,20180810AF1150CDGCPH01,20180810AF1151CPHCDG01,20180809AF1643GVACDG01,20180809AF7681MPLCDG01,20180809AF1726CDGVCE01,20180810AF1327VCECDG01]";"crew478"
1;"[20180805AF384VLEDCDG01]";"crew479"
2;"[20180806AF1665LEDCDG01,20180805AF1464CDGLED01]";"crew480"
2;"[20180807AF1665LEDCDG01,20180806AF1464CDGLED01]";"crew481"
1;"[20180810AF1464CDGLED01]";"crew482"
3;"[20180807AF7688CDGMPL01,20180807AF7689MPLCDG01,20180807AF7681MPLCDG01]";"crew483"
4;"[20180806AF1280CDGLHR01,20180806AF1844CDGSVO01,20180806AF1281LHRCDG01,20180807AF1745SVOCDG01]";"crew484"
4;"[20180807AF1280CDGLHR01,20180807AF1844CDGSVO01,20180807AF1281LHRCDG01,20180808AF1745SVOCDG01]";"crew485"
3;"[20180808AF1145SVOCDG01,20180807AF1744CDGSVO01,20180807AF1681LHRCDG01]";"crew486"
6;"[20180808AF1328CDGBLQ01,20180809AF1366CDGFLR01,20180809AF1029BLQCDG01,20180808AF1454CDGALG01,20180808AF1455ALGCDG01,20180809AF1367FLRCDG01]";"crew487"
4;"[20180808AF7516CDGTLS01,20180808AF7710CDGNCE01,20180808AF7517TLSCDG01,20180809AF7711NCECDG01]";"crew488"
4;"[20180809AF7688CDGMPL01,20180810AF1497CMNCDG01,20180809AF1596CDGCMN01,20180809AF7689MPLCDG01]";"crew489"
3;"[20180809AF1328CDGBLQ01,20180810AF1029BLQCDG01,20180809AF1301MADCDG01]";"crew490"
6;"[20180809AF7588CDGAJA01,20180810AF7736CDGBES01,20180809AF1510CDGHAM01,20180810AF7739BESCDG01,20180809AF7589AJACDG01,20180810AF1611HAMCDG01]";"crew491"
2;"[20180809AF1044CDGSVO01,20180810AF1145SVOCDG01]";"crew492"
4;"[20180809AF1630CDGMXP01,20180809AF7730CDGNTE01,20180810AF1231MXPCDG01,20180809AF7731NTECDG01]";"crew493"
2;"[20180810AF1854CDGALG01,20180811AF1355ALGCDG01]";"crew494"
2;"[20180802AF1258CDGRBA01,20180804AF1359RBACDG01]";"crew495"
6;"[20180809AF1258CDGRBA01,20180810AF1258CDGRBA01,20180809AF1164CDGBHX01,20180809AF1165BHXCDG01,20180811AF1359RBACDG01,20180810AF1359RBACDG01]";"crew496"
2;"[20180807AF1463ARNCDG01,20180806AF1401MADCDG01]";"crew497"
3;"[20180805AF1146CDGWAW01,20180805AF1243GVACDG01,20180805AF1147WAWCDG01]";"crew498"
6;"[20180811AF1722CDGMUC01,20180810AF1614CDGZRH01,20180812AF1123MUCCDG01,20180810AF1001MADCDG01,20180811AF1415ZRHCDG01,20180810AF1000CDGMAD01]";"crew499"
3;"[20180805AF1830CDGMXP01,20180805AF1831MXPCDG01,20180805AF7681MPLCDG01]";"crew500"
6;"[20180810AF1114CDGZRH01,20180811AF1830CDGMXP01,20180811AF1611HAMCDG01,20180811AF1831MXPCDG01,20180810AF1710CDGHAM01,20180810AF1115ZRHCDG01]";"crew501"
1;"[20180806AF1145SVOCDG01]";"crew502"
5;"[20180806AF1147WAWCDG01,20180806AF1146CDGWAW01,20180805AF1033ATHCDG01,20180806AF1463ARNCDG01,20180805AF1262CDGARN01]";"crew503"
6;"[20180805AF1328CDGBLQ01,20180806AF1532CDGATH01,20180806AF1029BLQCDG01,20180805AF1428CDGOPO01,20180807AF1033ATHCDG01,20180805AF1429OPOCDG01]";"crew504"
4;"[20180805AF1780CDGLHR01,20180806AF1044CDGSVO01,20180806AF1081LHRCDG01,20180807AF1845SVOCDG01]";"crew505"
10;"[20180805AF7516CDGTLS01,20180807AF1150CDGCPH01,20180807AF1151CPHCDG01,20180806AF7689MPLCDG01,20180806AF7681MPLCDG01,20180806AF1726CDGVCE01,20180807AF1327VCECDG01,20180805AF7517TLSCDG01,20180806AF7688CDGMPL01,20180805AF7680CDGMPL01]";"crew506"
1;"[20180806AF1822CDGMUC01]";"crew507"
4;"[20180807AF1532CDGATH01,20180808AF1033ATHCDG01,20180806AF7705NCECDG01,20180807AF1401MADCDG01]";"crew508"
6;"[20180807AF7652CDGLYS01,20180806AF7517TLSCDG01,20180807AF7620CDGBOD01,20180807AF7625BODCDG01,20180808AF7645LYSCDG01,20180807AF7651LYSCDG01]";"crew509"
7;"[20180808AF7689MPLCDG01,20180808AF7681MPLCDG01,20180809AF1426CDGVCE01,20180808AF1726CDGVCE01,20180809AF1427VCECDG01,20180809AF1327VCECDG01,20180808AF7688CDGMPL01]";"crew510"
6;"[20180809AF7652CDGLYS01,20180807AF1258CDGRBA01,20180808AF1258CDGRBA01,20180809AF7643LYSCDG01,20180808AF1359RBACDG01,20180809AF1359RBACDG01]";"crew511"
6;"[20180807AF1230CDGMXP01,20180807AF1382CDGPRG01,20180809AF1463ARNCDG01,20180808AF1262CDGARN01,20180808AF1631MXPCDG01,20180807AF1383PRGCDG01]";"crew512"
4;"[20180807AF1780CDGLHR01,20180808AF1044CDGSVO01,20180808AF1081LHRCDG01,20180809AF1145SVOCDG01]";"crew513"
6;"[20180807AF7660CDGMRS01,20180808A56274FSCNTE01,20180809AF1411HAMCDG01,20180808A56229BODFSC01,20180807AF7669MRSCDG01,20180807AF7624CDGBOD01]";"crew514"
8;"[20180807AF1614CDGZRH01,20180808AF7644CDGLYS01,20180808AF1415ZRHCDG01,20180809AF1063ARNCDG01,20180808AF1843GVACDG01,20180809AF1062CDGARN01,20180809AF7643LYSCDG01,20180807AF1213LINCDG01]";"crew515"
3;"[20180808AF1532CDGATH01,20180808AF1463ARNCDG01,20180809AF1033ATHCDG01]";"crew516"
5;"[20180809AF1022CDGMUC01,20180809AF1727VCECDG01,20180807AF7684CDGMPL01,20180809AF1023MUCCDG01,20180808AF7683MPLCDG01]";"crew517"
3;"[20180810AF1722CDGMUC01,20180810AF1723MUCCDG01,20180810AF1123MUCCDG01]";"crew518"
5;"[20180810AF1224CDGLIS01,20180810AF7621BODCDG01,20180809AF1351CPHCDG01,20180810AF1225LISCDG01,20180809AF7622CDGBOD01]";"crew519"
6;"[20180808AF7660CDGMRS01,20180808AF7652CDGLYS01,20180810AF1463ARNCDG01,20180809AF1262CDGARN01,20180809AF7651LYSCDG01,20180808AF7669MRSCDG01]";"crew520"
3;"[20180809AF1532CDGATH01,20180810AF1033ATHCDG01,20180809AF1123MUCCDG01]";"crew521"
10;"[20180808AF7586CDGFSC01,20180810AF7640CDGLYS01,20180809AF1230CDGMXP01,20180809AF1830CDGMXP01,20180808AF7587FSCCDG01,20180809AF1611HAMCDG01,20180810AF7641LYSCDG01,20180810AF1631MXPCDG01,20180809AF1831MXPCDG01,20180808AF1510CDGHAM01]";"crew522"
6;"[20180808AF1380CDGLHR01,20180808AF1280CDGLHR01,20180809AF1844CDGSVO01,20180808AF1281LHRCDG01,20180809AF1781LHRCDG01,20180810AF1745SVOCDG01]";"crew523"
4;"[20180810AF1028CDGBLQ01,20180812AF1029BLQCDG01,20180810AF1801MADCDG01,20180810AF1800CDGMAD01]";"crew524"
4;"[20180808AF1886CDGEDI01,20180808AF7730CDGNTE01,20180810AF1887EDICDG01,20180808AF7731NTECDG01]";"crew525"
1;"[20180805AF1355ALGCDG01]";"crew526"
1;"[20180805AF1355ALGCDG01]";"crew527"
3;"[20180805AF1284CDGTUN01,20180805AF1381LHRCDG01,20180805AF1285TUNCDG01]";"crew528"
2;"[20180805AF1239VIECDG01,20180805AF1238CDGVIE01]";"crew529"
5;"[20180806AF1722CDGMUC01,20180805AF1580CDGLHR01,20180805AF1845SVOCDG01,20180806AF1381LHRCDG01,20180806AF1723MUCCDG01]";"crew530"
5;"[20180806AF1722CDGMUC01,20180805AF1580CDGLHR01,20180806AF1723MUCCDG01,20180806AF1381LHRCDG01,20180805AF1845SVOCDG01]";"crew531"
3;"[20180805AF1044CDGSVO01,20180805AF1081LHRCDG01,20180806AF1845SVOCDG01]";"crew532"
3;"[20180805AF1351CPHCDG01,20180805AF1620CDGTLV01,20180806AF1321TLVCDG01]";"crew533"
3;"[20180805AF1722CDGMUC01,20180805AF1089OTPCDG01,20180806AF1123MUCCDG01]";"crew534"
2;"[20180806AF1285TUNCDG01,20180806AF1284CDGTUN01]";"crew535"
5;"[20180805AF1722CDGMUC01,20180805AF1089OTPCDG01,20180806AF1123MUCCDG01,20180806AF1284CDGTUN01,20180806AF1285TUNCDG01]";"crew536"
5;"[20180806AF7736CDGBES01,20180805AF1532CDGATH01,20180806AF7739BESCDG01,20180805AF1463ARNCDG01,20180806AF1033ATHCDG01]";"crew537"
7;"[20180807AF1740CDGAMS01,20180806AF1258CDGRBA01,20180805AF1258CDGRBA01,20180807AF1741AMSCDG01,20180805AF1359RBACDG01,20180806AF1359RBACDG01,20180807AF1359RBACDG01]";"crew538"
9;"[20180806AF1780CDGLHR01,20180806AF1695BUDCDG01,20180806AF7725NTECDG01,20180807AF1381LHRCDG01,20180807AF1284CDGTUN01,20180807AF1285TUNCDG01,20180806AF7720CDGNTE01,20180805AF1145SVOCDG01,20180805AF1294CDGBUD01]";"crew539"
7;"[20180806AF1850CDGCPH01,20180806AF7625BODCDG01,20180807AF1351CPHCDG01,20180806AF7651LYSCDG01,20180807AF1301MADCDG01,20180807AF1300CDGMAD01,20180806AF7620CDGBOD01]";"crew540"
6;"[20180807AF1580CDGLHR01,20180805AF1888CDGOTP01,20180806AF1854CDGALG01,20180807AF1355ALGCDG01,20180806AF1089OTPCDG01,20180807AF1581LHRCDG01]";"crew541"
4;"[20180808AF1642CDGGVA01,20180806A54126LYSBOD01,20180808AF1643GVACDG01,20180808AF7651LYSCDG01]";"crew542"
11;"[20180808AF1722CDGMUC01,20180807AF1722CDGMUC01,20180806AF1642CDGGVA01,20180806AF1614CDGZRH01,20180805AF1230CDGMXP01,20180806AF1643GVACDG01,20180805AF1423MUCCDG01,20180808AF1123MUCCDG01,20180808AF1723MUCCDG01,20180806AF1631MXPCDG01,20180807AF1415ZRHCDG01]";"crew543"
10;"[20180806AF1497CMNCDG01,20180807AF1695BUDCDG01,20180808AF7721NTECDG01,20180805AF1669MANCDG01,20180805AF1668CDGMAN01,20180805AF1596CDGCMN01,20180808AF1411HAMCDG01,20180807AF7720CDGNTE01,20180808AF1410CDGHAM01,20180806AF1294CDGBUD01]";"crew544"
6;"[20180806AF1580CDGLHR01,20180807AF1044CDGSVO01,20180805AF1854CDGALG01,20180806AF1355ALGCDG01,20180807AF1081LHRCDG01,20180808AF1845SVOCDG01]";"crew545"
6;"[20180810AF1580CDGLHR01,20180811AF1044CDGSVO01,20180809AF1854CDGALG01,20180810AF1355ALGCDG01,20180811AF1081LHRCDG01,20180812AF1845SVOCDG01]";"crew546"
7;"[20180806AF1180CDGLHR01,20180808AF1284CDGTUN01,20180805AF1069MANCDG01,20180806AF1465LEDCDG01,20180808AF1381LHRCDG01,20180808AF1285TUNCDG01,20180805AF1664CDGLED01]";"crew547"
9;"[20180806AF7646CDGLYS01,20180806AF7732CDGBES01,20180807AF1346CDGWAW01,20180807AF7739BESCDG01,20180806AF7649LYSCDG01,20180808AF1426CDGVCE01,20180808AF1247WAWCDG01,20180808AF1427VCECDG01,20180806AF1727VCECDG01]";"crew548"
4;"[20180805AF1886CDGEDI01,20180805AF1494CDGBUD01,20180805AF1495BUDCDG01,20180807AF1887EDICDG01]";"crew549"
11;"[20180808AF1150CDGCPH01,20180805AF1140CDGAMS01,20180807AF1340CDGAMS01,20180807AF1726CDGVCE01,20180808AF1327VCECDG01,20180805AF7684CDGMPL01,20180807AF7737BESCDG01,20180808AF1151CPHCDG01,20180805AF1141AMSCDG01,20180807AF1341AMSCDG01,20180806AF7683MPLCDG01]";"crew550"
9;"[20180808AF1580CDGLHR01,20180806AF1744CDGSVO01,20180808AF1695BUDCDG01,20180809AF1381LHRCDG01,20180806AF1681LHRCDG01,20180809AF1284CDGTUN01,20180809AF1285TUNCDG01,20180807AF1145SVOCDG01,20180807AF1294CDGBUD01]";"crew551"
6;"[20180806AF1888CDGOTP01,20180808AF1888CDGOTP01,20180807AF1854CDGALG01,20180808AF1355ALGCDG01,20180809AF1089OTPCDG01,20180807AF1089OTPCDG01]";"crew552"
6;"[20180807AF1888CDGOTP01,20180809AF1888CDGOTP01,20180808AF1854CDGALG01,20180809AF1355ALGCDG01,20180808AF1089OTPCDG01,20180810AF1089OTPCDG01]";"crew553"
5;"[20180809AF1224CDGLIS01,20180809AF7621BODCDG01,20180806AF7637BODCDG01,20180809AF1225LISCDG01,20180806AF7630CDGBOD01]";"crew554"
10;"[20180810AF1830CDGMXP01,20180808AF1497CMNCDG01,20180809AF1695BUDCDG01,20180810AF7721NTECDG01,20180807AF1669MANCDG01,20180810AF1831MXPCDG01,20180807AF1668CDGMAN01,20180807AF1596CDGCMN01,20180809AF7720CDGNTE01,20180808AF1294CDGBUD01]";"crew555"
3;"[20180810AF1665LEDCDG01,20180809AF1081LHRCDG01,20180809AF1464CDGLED01]";"crew556"
5;"[20180808AF1680CDGLHR01,20180810AF1351CPHCDG01,20180808AF1681LHRCDG01,20180810AF1620CDGTLV01,20180811AF1321TLVCDG01]";"crew557"
6;"[20180809AF1580CDGLHR01,20180808AF1744CDGSVO01,20180810AF1044CDGSVO01,20180810AF1081LHRCDG01,20180809AF1845SVOCDG01,20180811AF1845SVOCDG01]";"crew558"
6;"[_20180809AF452CDGAMM01,20180808AF1190CDGIBZ01,20180808AF1180CDGLHR01,_20180810AF487AMMCDG01,20180808AF1191IBZCDG01,20180809AF1581LHRCDG01]";"crew559"
9;"[20180809AF7516CDGTLS01,20180810AF6208ORYNCE01,20180811AF7721NTECDG01,20180811AF1411HAMCDG01,20180809AF7517TLSCDG01,20180811AF1410CDGHAM01,20180810AF6255BODORY01,20180810A53362NCENTE01,20180809AF7624CDGBOD01]";"crew560"
4;"[20180809AF7684CDGMPL01,20180809AF1589OTPCDG01,20180811AF7689MPLCDG01,20180811AF7681MPLCDG01]";"crew561"
6;"[20180810AF1358CDGRBA01,20180811AF1844CDGSVO01,20180810AF1597CMNCDG01,20180809AF1496CDGCMN01,20180812AF1745SVOCDG01,20180811AF1259RBACDG01]";"crew562"
6;"[20180810AF1228CDGBLQ01,20180812AF1497CMNCDG01,20180811AF1497CMNCDG01,20180810AF1229BLQCDG01,20180810AF1596CDGCMN01,20180811AF1596CDGCMN01]";"crew563"
1;"[20180810AF1532CDGATH01]";"crew564"
3;"[20180810AF1888CDGOTP01,20180811AF1854CDGALG01,20180811AF1089OTPCDG01]";"crew565"
3;"[20180805AF1197CMNCDG01,20180805AF1581LHRCDG01,20180805AF1196CDGCMN01]";"crew566"
2;"[20180807AF1138CDGVIE01,20180807AF1139VIECDG01]";"crew567"
2;"[20180808AF1138CDGVIE01,20180808AF1139VIECDG01]";"crew568"
2;"[20180805AF1395BUDCDG01,20180805AF1394CDGBUD01]";"crew569"
2;"[20180806AF1001MADCDG01,20180806AF1000CDGMAD01]";"crew570"
4;"[20180806AF7629BODCDG01,20180806AF7669MRSCDG01,20180806AF7624CDGBOD01,20180806AF7660CDGMRS01]";"crew571"
2;"[20180807AF1225LISCDG01,20180807AF1224CDGLIS01]";"crew572"
3;"[20180805AF1643GVACDG01,20180805AF7651LYSCDG01,20180805AF1642CDGGVA01]";"crew573"
3;"[20180805AF1300CDGMAD01,20180805AF1611HAMCDG01,20180805AF1301MADCDG01]";"crew574"
3;"[20180806AF7587FSCCDG01,20180806AF1243GVACDG01,20180806AF7586CDGFSC01]";"crew575"
3;"[20180807AF1063ARNCDG01,20180807AF1062CDGARN01,20180807AF7643LYSCDG01]";"crew576"
6;"[20180807AF1083PRGCDG01,20180806AF1229BLQCDG01,20180807AF1082CDGPRG01,20180807AF1497CMNCDG01,20180806AF1596CDGCMN01,20180806AF1228CDGBLQ01]";"crew577"
6;"[20180807AF1710CDGHAM01,20180807AF7517TLSCDG01,20180808AF1611HAMCDG01,20180808AF1831MXPCDG01,20180808AF1830CDGMXP01,20180807AF7516CDGTLS01]";"crew578"
4;"[20180808AF1147WAWCDG01,20180808AF1146CDGWAW01,20180807AF7705NCECDG01,20180808AF1401MADCDG01]";"crew579"
5;"[20180811AF1351CPHCDG01,20180811AF1301MADCDG01,20180810AF7669MRSCDG01,20180810AF1850CDGCPH01,20180810AF7660CDGMRS01]";"crew580"
4;"[20180810AF1300CDGMAD01,20180811AF1123MUCCDG01,20180810AF1301MADCDG01,20180810AF1822CDGMUC01]";"crew581"
6;"[20180810AF1147WAWCDG01,20180811AF7620CDGBOD01,20180811AF7737BESCDG01,20180811AF7625BODCDG01,20180810AF1146CDGWAW01,20180810AF7738CDGBES01]";"crew582"
1;"[20180804AF1132CDGATH01]";"crew583"
